"gene","residue","protein_change","class","count"
"AKT1",4,"V4L","Missense",1
"AKT1",17,"E17K","Missense",25
"AKT1",52,"L52R","Missense",1
"ARID1A",463,"G463V","Missense",1
"ARID1A",479,"Q479*","Truncating",1
"ARID1A",528,"Q528*","Truncating",2
"ARID1A",548,"Q548*","Truncating",1
"ARID1A",615,"S617Qfs*2","Frameshift",1
"ARID1A",711,"S711*","Truncating",1
"ARID1A",723,"Q723*","Truncating",1
"ARID1A",727,"P728Afs*11","Frameshift",1
"ARID1A",727,"P728Hfs*14","Frameshift",1
"ARID1A",727,"R727Lfs*12","Frameshift",1
"ARID1A",848,"P848S","Missense",1
"ARID1A",927,"G927A","Missense",1
"ARID1A",944,"Q944*","Truncating",1
"ARID1A",960,"X960_splice","Splice",2
"ARID1A",997,"X997_splice","Splice",1
"ARID1A",1055,"Y1055Cfs*49","Frameshift",1
"ARID1A",1111,"E1111K","Missense",1
"ARID1A",1136,"X1136_splice","Splice",1
"ARID1A",1149,"T1150Pfs*11","Frameshift",1
"ARID1A",1153,"M1154Wfs*7","Frameshift",1
"ARID1A",1173,"P1175Hfs*5","Frameshift",1
"ARID1A",1221,"R1223Afs*14","Frameshift",1
"ARID1A",1239,"A1239T","Missense",1
"ARID1A",1273,"M1273I","Missense",1
"ARID1A",1335,"R1335*","Truncating",1
"ARID1A",1511,"R1511K","Missense",1
"ARID1A",1514,"T1514Rfs*13","Frameshift",1
"ARID1A",1570,"N1571Ifs*42","Frameshift",1
"ARID1A",1590,"L1591Cfs*21","Frameshift",1
"ARID1A",1631,"Q1631*","Truncating",1
"ARID1A",1726,"E1726*","Truncating",1
"ARID1A",1916,"S1916C","Missense",1
"ARID1A",1947,"Q1947H","Missense",1
"ARID1A",1989,"R1989*","Truncating",2
"ARID1A",1992,"S1992P","Missense",1
"ARID1A",2031,"Y2031*","Truncating",1
"ARID1A",2037,"Q2037*","Truncating",1
"ARID1A",2056,"L2056R","Missense",1
"ARID1A",2092,"V2093Gfs*49","Frameshift",1
"ARID1A",2143,"R2143C","Missense",1
"ATM",136,"Y137Tfs*16","Frameshift",1
"ATM",209,"L210Wfs*20","Frameshift",1
"ATM",337,"R337H","Missense",1
"ATM",345,"L345V","Missense",1
"ATM",378,"S378R","Missense",1
"ATM",642,"E642K","Missense",1
"ATM",661,"L663Ffs*42","Frameshift",1
"ATM",716,"V716L","Missense",1
"ATM",738,"E738K","Missense",1
"ATM",796,"N796T","Missense",1
"ATM",1473,"X1474_splice","Splice",1
"ATM",1574,"L1574Ffs*11","Frameshift",1
"ATM",1587,"P1587T","Missense",1
"ATM",1693,"D1693N","Missense",1
"ATM",1963,"D1963Y","Missense",1
"ATM",2032,"X2032_splice","Splice",1
"ATM",2164,"E2164K","Missense",1
"ATM",2269,"Q2269*","Truncating",1
"ATM",2301,"K2303Rfs*7","Frameshift",1
"ATM",2437,"Y2437C","Missense",1
"ATM",2443,"R2443Q","Missense",1
"ATM",2720,"D2720N","Missense",1
"ATM",2780,"L2780R","Missense",1
"ATM",2800,"Q2800*","Truncating",1
"ATM",2875,"N2875S","Missense",1
"ATM",2907,"F2908Lfs*30","Frameshift",1
"ATM",2993,"R2993*","Truncating",2
"ATM",3047,"R3047*","Truncating",1
"BRCA1",2,"D2E","Missense",1
"BRCA1",9,"E9Q","Missense",1
"BRCA1",23,"E23Sfs*8","Frameshift",1
"BRCA1",27,"X27_splice","Splice",1
"BRCA1",83,"V83F","Missense",1
"BRCA1",96,"D96H","Missense",1
"BRCA1",139,"Q139*","Truncating",1
"BRCA1",272,"E272*","Truncating",1
"BRCA1",366,"D366N","Missense",1
"BRCA1",644,"C644del","In-frame indel",1
"BRCA1",687,"T688Vfs*12","Frameshift",1
"BRCA1",720,"E720*","Truncating",1
"BRCA1",903,"C903Wfs*97","Frameshift",1
"BRCA1",915,"S915C","Missense",1
"BRCA1",934,"Q934*","Truncating",1
"BRCA1",1027,"S1027I","Missense",1
"BRCA1",1098,"L1098I","Missense",1
"BRCA1",1121,"N1121Kfs*12","Frameshift",1
"BRCA1",1329,"E1329*","Truncating",1
"BRCA1",1344,"D1344H","Missense",1
"BRCA1",1408,"Q1408*","Truncating",1
"BRCA1",1419,"E1419K","Missense",1
"BRCA1",1559,"X1559_splice","Splice",1
"BRCA1",1578,"D1578H","Missense",1
"BRCA1",1589,"R1589_A1615del","In-frame indel",1
"BRCA1",1788,"G1788V","Missense",1
"BRCA1",1811,"Q1811L","Missense",1
"BRCA2",259,"E260Sfs*15","Frameshift",1
"BRCA2",434,"K437Ifs*22","Frameshift",1
"BRCA2",527,"P527T","Missense",1
"BRCA2",596,"D596N","Missense",1
"BRCA2",598,"S599*","Frameshift",1
"BRCA2",687,"D687H","Missense",1
"BRCA2",879,"S879F","Missense",1
"BRCA2",936,"K936Nfs*24","Frameshift",1
"BRCA2",985,"K985I","Missense",1
"BRCA2",1033,"D1033H","Missense",1
"BRCA2",1158,"E1158Q","Missense",1
"BRCA2",1191,"K1191N","Missense",1
"BRCA2",1268,"V1270del","In-frame indel",1
"BRCA2",1355,"D1355Y","Missense",1
"BRCA2",1646,"E1646Kfs*24","Frameshift",1
"BRCA2",1965,"L1965Ffs*39","Frameshift",1
"BRCA2",2019,"N2019K","Missense",1
"BRCA2",2149,"V2151Ffs*17","Frameshift",1
"BRCA2",2175,"E2175Q","Missense",1
"BRCA2",2336,"R2336C","Missense",1
"BRCA2",2602,"X2602_splice","Splice",1
"BRCA2",2650,"E2650Q","Missense",1
"BRCA2",2743,"G2743D","Missense",1
"BRCA2",2926,"L2926*","Truncating",1
"BRCA2",3090,"F3090_N3099delinsY","In-frame indel",1
"BRCA2",3167,"E3167Q","Missense",1
"BRCA2",3175,"E3175K","Missense",1
"BRCA2",3177,"E3177Q","Missense",1
"BRCA2",3206,"Q3206E","Missense",1
"BRCA2",3304,"C3304S","Missense",1
"BRCA2",3308,"Y3308*","Truncating",1
"BRCA2",3342,"E3342K","Missense",1
"CBFB",1,"M1?","Truncating",1
"CBFB",35,"R35P","Missense",1
"CBFB",45,"Q45*","Truncating",1
"CBFB",56,"A56G","Missense",1
"CBFB",63,"N63I","Missense",1
"CBFB",63,"N63S","Missense",1
"CBFB",67,"P70Sfs*13","Frameshift",2
"CBFB",68,"P70Rfs*19","Frameshift",1
"CBFB",73,"W73*","Truncating",2
"CBFB",74,"Q74K","Missense",1
"CBFB",75,"E76Tfs*6","Frameshift",1
"CBFB",83,"R83L","Missense",1
"CBFB",85,"Y85*","Frameshift",1
"CBFB",88,"R90Kfs*7","Frameshift",1
"CBFB",94,"X94_splice","Splice",1
"CBFB",99,"A99V","Missense",1
"CBFB",102,"I102M","Missense",1
"CBFB",102,"I102N","Missense",1
"CBFB",104,"N104S","Missense",1
"CBFB",121,"G121D","Missense",1
"CBFB",123,"G123C","Missense",1
"CBFB",132,"A132T","Missense",1
"CBFB",133,"X133_splice","Splice",1
"CBFB",134,"Q134*","Truncating",1
"CCND1",260,"R260C","Missense",1
"CDH1",17,"X17_splice","Splice",1
"CDH1",18,"S19Pfs*38","Frameshift",1
"CDH1",18,"S19Rfs*39","Frameshift",1
"CDH1",23,"Q23*","Truncating",8
"CDH1",36,"S36Afs*20","Frameshift",1
"CDH1",63,"R63*","Truncating",4
"CDH1",70,"L71Sfs*12","Frameshift",1
"CDH1",74,"R74*","Truncating",2
"CDH1",86,"R87Afs*6","Frameshift",1
"CDH1",103,"W103*","Truncating",1
"CDH1",107,"R108Hfs*56","Frameshift",1
"CDH1",124,"P127Afs*41","Frameshift",4
"CDH1",129,"Q129*","Truncating",1
"CDH1",140,"T141Rfs*63","Frameshift",1
"CDH1",144,"N144Tfs*71","Frameshift",1
"CDH1",159,"P159Lfs*56","Frameshift",1
"CDH1",160,"P160Rfs*8","Frameshift",1
"CDH1",163,"E165_P170del","In-frame indel",1
"CDH1",165,"N166Mfs*49","Frameshift",1
"CDH1",166,"N166Mfs*50","Frameshift",1
"CDH1",167,"G169Rfs*5","Frameshift",1
"CDH1",189,"Y190Lfs*9","Frameshift",1
"CDH1",195,"Q195*","Truncating",1
"CDH1",199,"V202Cfs*7","Frameshift",1
"CDH1",200,"P200Qfs*15","Frameshift",1
"CDH1",205,"F205Lfs*10","Frameshift",1
"CDH1",230,"X230_splice","Splice",2
"CDH1",231,"H233Rfs*10","Frameshift",1
"CDH1",237,"N238*","Frameshift",1
"CDH1",243,"E243K","Missense",3
"CDH1",245,"E247Dfs*12","Frameshift",1
"CDH1",251,"T251K","Missense",1
"CDH1",254,"D254Y","Missense",1
"CDH1",255,"Q255*","Truncating",1
"CDH1",260,"P260H","Missense",1
"CDH1",278,"G278V","Missense",1
"CDH1",278,"X278_splice","Splice",1
"CDH1",278,"G278*","Truncating",1
"CDH1",283,"E283_T287del","In-frame indel",1
"CDH1",288,"A289Tfs*6","Frameshift",1
"CDH1",288,"D288Gfs*4","Frameshift",1
"CDH1",288,"D288N","Missense",1
"CDH1",291,"D291Mfs*3","Frameshift",1
"CDH1",303,"I304Nfs*7","Frameshift",1
"CDH1",306,"Q307Hfs*2","Frameshift",1
"CDH1",311,"D313*","Frameshift",1
"CDH1",313,"K314Hfs*2","Frameshift",1
"CDH1",313,"N315Kfs*6","Frameshift",1
"CDH1",314,"N315Ifs*41","Frameshift",1
"CDH1",335,"R335*","Truncating",1
"CDH1",336,"X336_splice","Splice",1
"CDH1",338,"P339Lfs*17","Frameshift",1
"CDH1",340,"Y341Vfs*9","Frameshift",1
"CDH1",342,"L343del","In-frame indel",1
"CDH1",351,"G352Rfs*2","Frameshift",1
"CDH1",364,"T364Hfs*4","Frameshift",1
"CDH1",364,"V365Tfs*26","Frameshift",1
"CDH1",379,"X379_splice","Splice",1
"CDH1",395,"K397Mfs*17","Frameshift",1
"CDH1",400,"A401Sfs*2","Frameshift",1
"CDH1",402,"D402H","Missense",1
"CDH1",409,"W409L","Missense",1
"CDH1",431,"N431Qfs*14","Frameshift",1
"CDH1",440,"X440_splice","Splice",1
"CDH1",494,"E494*","Truncating",1
"CDH1",499,"F499Lfs*38","Frameshift",1
"CDH1",503,"Q503*","Truncating",1
"CDH1",504,"I505Sfs*17","Frameshift",1
"CDH1",511,"Q511*","Truncating",2
"CDH1",512,"E512*","Truncating",1
"CDH1",515,"T515_F516ins*","Truncating",1
"CDH1",517,"E518Nfs*4","Frameshift",1
"CDH1",521,"T522Ifs*14","Frameshift",1
"CDH1",522,"X522_splice","Splice",2
"CDH1",560,"T560Rfs*5","Frameshift",1
"CDH1",570,"N570Mfs*14","Frameshift",1
"CDH1",571,"X571_splice","Splice",1
"CDH1",574,"A575Gfs*13","Frameshift",1
"CDH1",581,"L583Pfs*6","Frameshift",1
"CDH1",595,"P597Efs*11","Frameshift",1
"CDH1",602,"C603del","In-frame indel",1
"CDH1",607,"P607S","Missense",1
"CDH1",625,"T627Hfs*36","Frameshift",1
"CDH1",641,"Q641*","Truncating",1
"CDH1",644,"D644N","Missense",1
"CDH1",646,"X646_splice","Splice",2
"CDH1",647,"Q647*","Truncating",1
"CDH1",656,"M656*","Frameshift",1
"CDH1",668,"K668*","Truncating",1
"CDH1",673,"Q673*","Truncating",1
"CDH1",675,"K675Nfs*2","Frameshift",1
"CDH1",678,"T679Dfs*9","Frameshift",1
"CDH1",707,"P708Lfs*14","Frameshift",1
"CDH1",722,"X722_splice","Splice",3
"CDH1",730,"L731Gfs*38","Frameshift",1
"CDH1",731,"L731Ffs*39","Frameshift",1
"CDH1",732,"R732Q","Missense",1
"CDH1",756,"E757*","Frameshift",1
"CDH1",756,"E757Mfs*14","Frameshift",1
"CDH1",763,"D764Gfs*5","Frameshift",1
"CDH1",764,"Q765Pfs*4","Frameshift",1
"CDH1",766,"X766_splice","Splice",1
"CDH1",774,"G775Afs*8","Frameshift",1
"CDH1",787,"A788Efs*14","Frameshift",1
"CDH1",790,"V794Pfs*16","Frameshift",1
"CDH1",817,"A817V","Missense",1
"CDH1",823,"A824Gfs*5","Frameshift",1
"CDH1",827,"S829*","Frameshift",1
"CDH1",835,"Y835*","Truncating",1
"CDH1",867,"N867S","Missense",1
"CHEK2",69,"Q69*","Truncating",1
"CHEK2",77,"D77H","Missense",1
"CHEK2",203,"D203E","Missense",1
"CHEK2",276,"I276N","Missense",1
"CHEK2",308,"E308Q","Missense",1
"CHEK2",346,"R346C","Missense",1
"CHEK2",379,"S379F","Missense",1
"CHEK2",396,"L396V","Missense",1
"CHEK2",453,"A453Qfs*16","Frameshift",1
"ERBB2",305,"S305C","Missense",1
"ERBB2",306,"T306M","Missense",1
"ERBB2",309,"G309A","Missense",1
"ERBB2",310,"S310F","Missense",1
"ERBB2",340,"R340G","Missense",1
"ERBB2",354,"A355Qfs*76","Frameshift",1
"ERBB2",405,"E405D","Missense",1
"ERBB2",427,"N427K","Missense",1
"ERBB2",470,"H470Q","Missense",1
"ERBB2",481,"W482Gfs*74","Frameshift",1
"ERBB2",620,"G621Afs*31","Frameshift",1
"ERBB2",678,"R678Q","Missense",1
"ERBB2",755,"L755M","Missense",1
"ERBB2",755,"L755S","Missense",5
"ERBB2",755,"L755W","Missense",1
"ERBB2",767,"I767M","Missense",2
"ERBB2",769,"D769H","Missense",1
"ERBB2",769,"D769Y","Missense",2
"ERBB2",777,"V777L","Missense",4
"ERBB2",797,"V797A","Missense",1
"ERBB2",842,"V842I","Missense",1
"ERBB2",939,"E939G","Missense",1
"ERBB2",1126,"Y1127_A1129del","In-frame indel",1
"ERBB2",1160,"A1160V","Missense",1
"FGFR1",19,"W19C","Missense",1
"FGFR1",137,"S137R","Missense",1
"FGFR1",181,"V182*","Frameshift",1
"FGFR1",181,"X181_splice","Splice",1
"FGFR1",228,"F228L","Missense",1
"FGFR1",402,"S402L","Missense",1
"FGFR1",459,"X459_splice","Splice",1
"FGFR1",834,"E834K","Missense",1
"FOXA1",11,"E11K","Missense",1
"FOXA1",33,"M34Qfs*6","Frameshift",1
"FOXA1",153,"A153V","Missense",1
"FOXA1",176,"I176M","Missense",3
"FOXA1",176,"I176V","Missense",1
"FOXA1",193,"S194Afs*127","Frameshift",1
"FOXA1",214,"W214C","Missense",1
"FOXA1",217,"S217C","Missense",1
"FOXA1",226,"D226E","Missense",1
"FOXA1",226,"D226G","Missense",2
"FOXA1",226,"D226N","Missense",1
"FOXA1",226,"D226V","Missense",1
"FOXA1",237,"K237E","Missense",1
"FOXA1",237,"K237N","Missense",1
"FOXA1",237,"K237R","Missense",1
"FOXA1",238,"P238S","Missense",1
"FOXA1",243,"Y243S","Missense",1
"FOXA1",247,"H247Q","Missense",1
"FOXA1",247,"H247Y","Missense",1
"FOXA1",250,"S250F","Missense",3
"FOXA1",256,"N256I","Missense",1
"FOXA1",259,"Y259S","Missense",1
"FOXA1",260,"L260F","Missense",1
"FOXA1",266,"F266I","Missense",1
"FOXA1",391,"D391_N397del","In-frame indel",1
"FOXA1",401,"S401Y","Missense",1
"FOXA1",409,"E410Afs*2","Frameshift",1
"FOXA1",412,"Q412Rfs*28","Frameshift",1
"FOXA1",414,"L415Afs*143","Frameshift",1
"FOXA1",417,"F417Lfs*23","Frameshift",1
"FOXA1",450,"I450M","Missense",1
"GATA3",119,"K119M","Missense",1
"GATA3",262,"E262K","Missense",1
"GATA3",281,"H281R","Missense",1
"GATA3",293,"M293K","Missense",3
"GATA3",293,"M293R","Missense",1
"GATA3",305,"R306Kfs*46","Frameshift",1
"GATA3",305,"R305Q","Missense",1
"GATA3",308,"X308_splice","Splice",21
"GATA3",313,"A313Efs*42","Frameshift",1
"GATA3",319,"C320Lfs*32","Frameshift",1
"GATA3",327,"R330Lfs*24","Frameshift",2
"GATA3",327,"L327H","Missense",1
"GATA3",328,"R329Efs*22","Frameshift",1
"GATA3",328,"R330Efs*23","Frameshift",1
"GATA3",328,"W328Efs*23","Frameshift",1
"GATA3",328,"W328*","Truncating",1
"GATA3",329,"R329Kfs*21","Frameshift",1
"GATA3",329,"R329Sfs*19","Frameshift",1
"GATA3",329,"R330Kfs*22","Frameshift",1
"GATA3",329,"R329K","Missense",1
"GATA3",330,"N331Efs*21","Frameshift",1
"GATA3",330,"R330Kfs*21","Frameshift",1
"GATA3",330,"R330Sfs*22","Frameshift",1
"GATA3",331,"A332Gfs*20","Frameshift",1
"GATA3",333,"D335Gfs*17","Frameshift",8
"GATA3",333,"D335Gfs*21","Frameshift",2
"GATA3",333,"G334Wfs*18","Frameshift",1
"GATA3",334,"D335Pfs*16","Frameshift",1
"GATA3",335,"D335Efs*17","Frameshift",1
"GATA3",343,"Y344Lfs*8","Frameshift",1
"GATA3",343,"Y345*","Truncating",1
"GATA3",344,"K346Lfs*7","Frameshift",1
"GATA3",346,"K346*","Truncating",1
"GATA3",348,"I350Kfs*3","Frameshift",1
"GATA3",350,"X350_splice","Splice",2
"GATA3",351,"N351Qfs*19","Frameshift",1
"GATA3",352,"L354Pfs*17","Frameshift",1
"GATA3",353,"L354*","Frameshift",1
"GATA3",355,"K357Lfs*2","Frameshift",1
"GATA3",355,"M356Efs*14","Frameshift",1
"GATA3",356,"K358del","In-frame indel",1
"GATA3",356,"M356I","Missense",1
"GATA3",357,"E359Afs*44","Frameshift",1
"GATA3",357,"K357*","Truncating",1
"GATA3",360,"R364Hfs*10","Frameshift",1
"GATA3",361,"Q362Efs*38","Frameshift",1
"GATA3",364,"R364S","Missense",1
"GATA3",385,"P386Qfs*6","Frameshift",1
"GATA3",386,"K387Gfs*113","Frameshift",1
"GATA3",393,"A394Gfs*113","Frameshift",1
"GATA3",396,"S404Qfs*109","Frameshift",1
"GATA3",397,"R398Qfs*109","Frameshift",1
"GATA3",399,"M400Nfs*107","Frameshift",1
"GATA3",399,"S402Yfs*107","Frameshift",1
"GATA3",400,"M400Vfs*106","Frameshift",1
"GATA3",400,"S401Vfs*106","Frameshift",1
"GATA3",402,"S404Qfs*97","Frameshift",1
"GATA3",405,"H405Q","Missense",1
"GATA3",406,"S407Afs*99","Frameshift",1
"GATA3",407,"P408Afs*99","Frameshift",13
"GATA3",408,"P408Rfs*99","Frameshift",1
"GATA3",408,"S410Qfs*97","Frameshift",1
"GATA3",422,"H423Afs*84","Frameshift",1
"GATA3",423,"H423Tfs*52","Frameshift",1
"GATA3",423,"P425Afs*82","Frameshift",1
"GATA3",424,"S426Ifs*81","Frameshift",1
"GATA3",426,"S427Qfs*80","Frameshift",1
"GATA3",429,"G431Wfs*76","Frameshift",2
"GATA3",430,"F430Wfs*76","Frameshift",1
"GATA3",431,"P432Tfs*41","Frameshift",1
"GATA3",432,"H433Afs*38","Frameshift",1
"GATA3",433,"H434Pfs*42","Frameshift",1
"GATA3",433,"H434Pfs*73","Frameshift",1
"GATA3",434,"H434Pfs*41","Frameshift",1
"GATA3",434,"S436Lfs*71","Frameshift",2
"GATA3",434,"S436Pfs*40","Frameshift",1
"GATA3",435,"S437Pfs*39","Frameshift",1
"GATA3",436,"S437Qfs*70","Frameshift",1
"GATA3",437,"M438Nfs*69","Frameshift",1
"GATA3",440,"A441Wfs*33","Frameshift",1
"GATA3",442,"M442Ifs*65","Frameshift",1
"GATA3",443,"*444Lfs*63","Frameshift",1
"GATA3",444,"*444Efs*62","Frameshift",1
"GATA3",444,"*444Nfs*63","Frameshift",1
"GPS2",46,"E46Nfs*16","Frameshift",2
"GPS2",47,"Q48Kfs*46","Frameshift",1
"GPS2",54,"E55Gfs*42","Frameshift",1
"GPS2",61,"M60_S61ins*","Truncating",1
"GPS2",94,"L94Yfs*15","Frameshift",1
"GPS2",104,"E104Nfs*5","Frameshift",1
"GPS2",117,"Q117*","Truncating",1
"GPS2",133,"X133_splice","Splice",1
"GPS2",149,"R149Sfs*56","Frameshift",1
"GPS2",157,"Q157Kfs*188","Frameshift",1
"GPS2",224,"Q224*","Truncating",1
"KMT2C",97,"E97Q","Missense",1
"KMT2C",109,"Q109*","Truncating",1
"KMT2C",129,"I129Sfs*17","Frameshift",1
"KMT2C",130,"X130_splice","Splice",1
"KMT2C",134,"C134Y","Missense",1
"KMT2C",144,"L145*","Frameshift",1
"KMT2C",184,"M184Cfs*22","Frameshift",1
"KMT2C",195,"Q195*","Truncating",1
"KMT2C",207,"S207Ffs*3","Frameshift",1
"KMT2C",252,"H252Y","Missense",1
"KMT2C",302,"C302Y","Missense",1
"KMT2C",311,"A311G","Missense",1
"KMT2C",318,"Q318E","Missense",1
"KMT2C",329,"E329K","Missense",1
"KMT2C",338,"X338_splice","Splice",1
"KMT2C",359,"C359S","Missense",1
"KMT2C",367,"H367D","Missense",1
"KMT2C",367,"H367Y","Missense",1
"KMT2C",370,"C370Y","Missense",1
"KMT2C",396,"Q396*","Truncating",1
"KMT2C",414,"H414Y","Missense",1
"KMT2C",417,"C417*","Truncating",1
"KMT2C",430,"W430C","Missense",1
"KMT2C",467,"C467*","Truncating",1
"KMT2C",509,"E510Kfs*26","Frameshift",1
"KMT2C",547,"E547K","Missense",1
"KMT2C",609,"H609Ifs*3","Frameshift",1
"KMT2C",620,"N621*","Frameshift",1
"KMT2C",633,"E633Kfs*2","Frameshift",1
"KMT2C",640,"E640*","Truncating",2
"KMT2C",682,"S682*","Truncating",1
"KMT2C",690,"E690*","Truncating",1
"KMT2C",719,"R719M","Missense",1
"KMT2C",722,"G722E","Missense",1
"KMT2C",771,"S771*","Truncating",1
"KMT2C",781,"V781M","Missense",1
"KMT2C",787,"P787R","Missense",1
"KMT2C",907,"R907Pfs*7","Frameshift",1
"KMT2C",977,"C977Y","Missense",1
"KMT2C",982,"Q982K","Missense",1
"KMT2C",1002,"W1002*","Truncating",1
"KMT2C",1096,"E1096V","Missense",1
"KMT2C",1120,"E1120*","Truncating",1
"KMT2C",1171,"T1171S","Missense",1
"KMT2C",1218,"Q1218*","Truncating",1
"KMT2C",1225,"S1225*","Truncating",1
"KMT2C",1260,"E1260*","Truncating",1
"KMT2C",1280,"X1280_splice","Splice",1
"KMT2C",1298,"T1298Pfs*5","Frameshift",1
"KMT2C",1309,"G1309Afs*22","Frameshift",1
"KMT2C",1334,"S1334C","Missense",1
"KMT2C",1381,"I1381V","Missense",1
"KMT2C",1392,"Q1392*","Truncating",1
"KMT2C",1478,"Q1478*","Truncating",2
"KMT2C",1486,"E1486*","Truncating",1
"KMT2C",1534,"Q1534*","Truncating",1
"KMT2C",1677,"Q1677*","Truncating",1
"KMT2C",1693,"V1694Cfs*7","Frameshift",1
"KMT2C",1712,"S1712*","Truncating",1
"KMT2C",1719,"Q1719*","Truncating",1
"KMT2C",1744,"E1744*","Truncating",1
"KMT2C",1771,"Q1771*","Truncating",1
"KMT2C",1793,"L1793F","Missense",1
"KMT2C",1877,"P1877T","Missense",1
"KMT2C",1937,"Q1937*","Truncating",1
"KMT2C",1992,"E1992Q","Missense",1
"KMT2C",2017,"Q2018Sfs*7","Frameshift",1
"KMT2C",2123,"S2123*","Truncating",1
"KMT2C",2147,"Q2147*","Truncating",1
"KMT2C",2436,"P2437Tfs*8","Frameshift",1
"KMT2C",2522,"M2522Ifs*5","Frameshift",1
"KMT2C",2610,"R2610Q","Missense",1
"KMT2C",2815,"K2815Nfs*8","Frameshift",1
"KMT2C",2815,"S2816Ifs*6","Frameshift",1
"KMT2C",2824,"T2824Nfs*9","Frameshift",1
"KMT2C",2838,"E2838K","Missense",1
"KMT2C",2885,"E2885K","Missense",1
"KMT2C",3103,"A3103S","Missense",1
"KMT2C",3106,"G3106D","Missense",1
"KMT2C",3151,"Q3151*","Truncating",1
"KMT2C",3264,"D3264N","Missense",1
"KMT2C",3284,"V3284F","Missense",1
"KMT2C",3312,"Q3312*","Truncating",1
"KMT2C",3370,"V3370Qfs*11","Frameshift",1
"KMT2C",3394,"S3394N","Missense",1
"KMT2C",3606,"R3606T","Missense",1
"KMT2C",3679,"E3679Dfs*2","Frameshift",1
"KMT2C",3724,"E3724K","Missense",1
"KMT2C",3735,"K3735Nfs*10","Frameshift",1
"KMT2C",3756,"A3756Hfs*22","Frameshift",1
"KMT2C",3784,"K3784Ifs*8","Frameshift",1
"KMT2C",3815,"N3815Kfs*72","Frameshift",1
"KMT2C",3820,"X3820_splice","Splice",2
"KMT2C",3845,"E3845Q","Missense",1
"KMT2C",3868,"K3870Rfs*19","Frameshift",1
"KMT2C",3878,"M3878Ifs*14","Frameshift",1
"KMT2C",4080,"S4081Ifs*12","Frameshift",1
"KMT2C",4157,"L4157*","Frameshift",1
"KMT2C",4194,"R4194T","Missense",1
"KMT2C",4197,"W4197*","Truncating",1
"KMT2C",4239,"S4239_N4240del","In-frame indel",1
"KMT2C",4344,"D4344H","Missense",1
"KMT2C",4378,"E4378K","Missense",1
"KMT2C",4381,"E4381K","Missense",1
"KMT2C",4390,"K4391Nfs*22","Frameshift",1
"KMT2C",4391,"K4391*","Truncating",1
"KMT2C",4425,"D4425Y","Missense",1
"KMT2C",4478,"R4478*","Truncating",2
"KMT2C",4499,"K4499R","Missense",1
"KMT2C",4577,"P4577Cfs*4","Frameshift",1
"KMT2C",4647,"K4647Vfs*2","Frameshift",1
"KMT2C",4763,"K4764Gfs*3","Frameshift",1
"KMT2C",4811,"N4811K","Missense",1
"MAP2K4",73,"X73_splice","Splice",1
"MAP2K4",75,"X75_splice","Splice",2
"MAP2K4",79,"H79Tfs*9","Frameshift",1
"MAP2K4",112,"Y113Lfs*19","Frameshift",1
"MAP2K4",129,"X129_splice","Splice",1
"MAP2K4",134,"R134W","Missense",1
"MAP2K4",158,"Y160Ifs*14","Frameshift",1
"MAP2K4",163,"Q163*","Truncating",1
"MAP2K4",165,"Y165*","Truncating",1
"MAP2K4",170,"R170K","Missense",1
"MAP2K4",172,"D173*","Frameshift",1
"MAP2K4",172,"D173Tfs*24","Frameshift",1
"MAP2K4",175,"W175*","Truncating",1
"MAP2K4",184,"S184L","Missense",2
"MAP2K4",186,"D186G","Missense",1
"MAP2K4",207,"K207*","Truncating",1
"MAP2K4",211,"X211_splice","Splice",1
"MAP2K4",235,"I235F","Missense",1
"MAP2K4",236,"L236P","Missense",1
"MAP2K4",251,"S251I","Missense",2
"MAP2K4",257,"S257F","Missense",1
"MAP2K4",261,"D263Cfs*4","Frameshift",2
"MAP2K4",265,"C266Hfs*8","Frameshift",1
"MAP2K4",273,"E273K","Missense",1
"MAP2K4",277,"P277R","Missense",1
"MAP2K4",281,"R281*","Truncating",2
"MAP2K4",290,"V290F","Missense",1
"MAP2K4",297,"X297_splice","Splice",1
"MAP2K4",299,"E299*","Truncating",1
"MAP2K4",306,"P306R","Missense",1
"MAP2K4",316,"Q316*","Truncating",1
"MAP2K4",318,"Q319Sfs*11","Frameshift",1
"MAP2K4",336,"S339Rfs*25","Frameshift",1
"MAP2K4",362,"X362_splice","Splice",1
"MAP2K4",363,"X363_splice","Splice",1
"MAP2K4",372,"R373Sfs*29","Frameshift",1
"MAP2K4",385,"L385P","Missense",1
"MAP2K4",385,"L385V","Missense",1
"MAP3K1",170,"G172Rfs*7","Frameshift",1
"MAP3K1",201,"W201R","Missense",1
"MAP3K1",210,"V211Cfs*9","Frameshift",1
"MAP3K1",222,"G222Dfs*4","Frameshift",1
"MAP3K1",231,"E231Q","Missense",1
"MAP3K1",233,"P233Qfs*30","Frameshift",1
"MAP3K1",273,"R273Sfs*27","Frameshift",3
"MAP3K1",280,"Q280P","Missense",1
"MAP3K1",283,"R283T","Missense",1
"MAP3K1",284,"P286Tfs*14","Frameshift",1
"MAP3K1",290,"S292Ffs*9","Frameshift",1
"MAP3K1",306,"R307Vfs*5","Frameshift",1
"MAP3K1",317,"Y317N","Missense",1
"MAP3K1",317,"Y317*","Truncating",1
"MAP3K1",318,"L319Tfs*7","Frameshift",2
"MAP3K1",324,"N325Lfs*3","Frameshift",1
"MAP3K1",325,"N325K","Missense",1
"MAP3K1",333,"S333I","Missense",1
"MAP3K1",345,"X345_splice","Splice",1
"MAP3K1",345,"Q345*","Truncating",1
"MAP3K1",346,"X346_splice","Splice",1
"MAP3K1",354,"F354Sfs*8","Frameshift",1
"MAP3K1",370,"S371Lfs*11","Frameshift",1
"MAP3K1",379,"L380Kfs*4","Frameshift",1
"MAP3K1",384,"E384K","Missense",1
"MAP3K1",384,"X384_splice","Splice",1
"MAP3K1",392,"Y392C","Missense",1
"MAP3K1",396,"S397*","Frameshift",1
"MAP3K1",431,"S431*","Truncating",1
"MAP3K1",456,"T457Yfs*4","Frameshift",1
"MAP3K1",457,"T457Sfs*3","Frameshift",1
"MAP3K1",480,"R480Kfs*7","Frameshift",1
"MAP3K1",482,"N482Kfs*10","Frameshift",1
"MAP3K1",482,"R483Kfs*10","Frameshift",1
"MAP3K1",497,"S497Ffs*60","Frameshift",1
"MAP3K1",525,"Q525*","Truncating",1
"MAP3K1",532,"R532*","Truncating",2
"MAP3K1",535,"Q535*","Truncating",1
"MAP3K1",553,"Y553*","Truncating",1
"MAP3K1",570,"G570Afs*10","Frameshift",1
"MAP3K1",587,"S588Ffs*3","Frameshift",1
"MAP3K1",600,"S602Rfs*55","Frameshift",1
"MAP3K1",601,"E601*","Truncating",1
"MAP3K1",614,"P614L","Missense",1
"MAP3K1",629,"D630Rfs*16","Frameshift",1
"MAP3K1",639,"L639P","Missense",1
"MAP3K1",646,"V647Kfs*7","Frameshift",1
"MAP3K1",670,"E672Rfs*14","Frameshift",1
"MAP3K1",690,"K690*","Truncating",1
"MAP3K1",700,"Q700*","Truncating",1
"MAP3K1",715,"L717Sfs*9","Frameshift",1
"MAP3K1",736,"Y736*","Frameshift",1
"MAP3K1",760,"L764*","Frameshift",1
"MAP3K1",761,"R763Cfs*35","Frameshift",3
"MAP3K1",769,"P769S","Missense",1
"MAP3K1",776,"T779Qfs*3","Frameshift",1
"MAP3K1",790,"R790M","Missense",1
"MAP3K1",790,"X790_splice","Splice",1
"MAP3K1",795,"S796Vfs*11","Frameshift",1
"MAP3K1",801,"A801T","Missense",1
"MAP3K1",825,"R825*","Truncating",1
"MAP3K1",830,"H832Pfs*31","Frameshift",1
"MAP3K1",837,"L838Rfs*24","Frameshift",1
"MAP3K1",857,"A858Lfs*16","Frameshift",1
"MAP3K1",885,"Q886Afs*18","Frameshift",1
"MAP3K1",901,"S901Kfs*8","Frameshift",1
"MAP3K1",945,"T945Nfs*57","Frameshift",1
"MAP3K1",949,"E950Afs*53","Frameshift",1
"MAP3K1",963,"Q965Vfs*2","Frameshift",1
"MAP3K1",976,"S976F","Missense",1
"MAP3K1",984,"S984*","Truncating",1
"MAP3K1",999,"D1000Sfs*81","Frameshift",1
"MAP3K1",1020,"Q1020*","Truncating",1
"MAP3K1",1036,"D1038Rfs*4","Frameshift",1
"MAP3K1",1039,"D1040Rfs*2","Frameshift",1
"MAP3K1",1039,"S1039*","Truncating",1
"MAP3K1",1048,"Q1048*","Truncating",2
"MAP3K1",1076,"S1077Qfs*5","Frameshift",1
"MAP3K1",1077,"S1077*","Truncating",1
"MAP3K1",1125,"N1125*","Truncating",1
"MAP3K1",1144,"T1145Nfs*6","Frameshift",2
"MAP3K1",1147,"T1148Nfs*3","Frameshift",1
"MAP3K1",1173,"H1173D","Missense",1
"MAP3K1",1182,"E1182*","Truncating",1
"MAP3K1",1184,"E1184*","Truncating",1
"MAP3K1",1204,"I1204Sfs*7","Frameshift",1
"MAP3K1",1215,"I1216Nfs*23","Frameshift",1
"MAP3K1",1215,"I1217Nfs*23","Frameshift",1
"MAP3K1",1237,"Y1237N","Missense",1
"MAP3K1",1246,"Q1247Sfs*26","Frameshift",1
"MAP3K1",1257,"Y1258Ifs*11","Frameshift",1
"MAP3K1",1274,"V1274Gfs*14","Frameshift",1
"MAP3K1",1278,"R1278Kfs*5","Frameshift",1
"MAP3K1",1289,"A1290Sfs*19","Frameshift",1
"MAP3K1",1291,"E1293Dfs*14","Frameshift",1
"MAP3K1",1305,"I1307del","In-frame indel",1
"MAP3K1",1328,"X1328_splice","Splice",1
"MAP3K1",1330,"S1330W","Missense",1
"MAP3K1",1344,"S1344*","Truncating",1
"MAP3K1",1346,"V1346del","In-frame indel",2
"MAP3K1",1374,"N1374S","Missense",1
"MAP3K1",1384,"R1385Kfs*35","Frameshift",2
"MAP3K1",1385,"I1386Vfs*25","Frameshift",1
"MAP3K1",1385,"R1385_I1386del","In-frame indel",1
"MAP3K1",1385,"R1385K","Missense",1
"MAP3K1",1402,"E1404Rfs*16","Frameshift",1
"MAP3K1",1407,"Q1408Nfs*14","Frameshift",1
"MAP3K1",1419,"E1419K","Missense",1
"MAP3K1",1419,"X1419_splice","Splice",1
"MAP3K1",1425,"R1428Vfs*7","Frameshift",1
"MAP3K1",1432,"V1432A","Missense",1
"MAP3K1",1433,"W1433S","Missense",1
"MAP3K1",1434,"S1434R","Missense",1
"MAP3K1",1437,"C1437F","Missense",1
"MAP3K1",1437,"C1437S","Missense",1
"MAP3K1",1441,"E1441K","Missense",1
"MAP3K1",1452,"H1454Tfs*10","Frameshift",1
"MAP3K1",1473,"P1474Lfs*16","Frameshift",1
"MAP3K1",1485,"L1486Tfs*32","Frameshift",1
"MAP3K1",1489,"L1489S","Missense",1
"MAP3K1",1491,"L1491H","Missense",1
"MAP3K1",1492,"Q1492Nfs*12","Frameshift",1
"MYC",233,"P233T","Missense",1
"MYC",404,"K404N","Missense",1
"MYC",431,"E431K","Missense",1
"NCOR1",7,"P7S","Missense",1
"NCOR1",120,"Q120*","Truncating",1
"NCOR1",145,"X145_splice","Splice",1
"NCOR1",151,"G151S","Missense",1
"NCOR1",158,"S158F","Missense",1
"NCOR1",220,"E220K","Missense",1
"NCOR1",222,"P222H","Missense",1
"NCOR1",224,"P225Cfs*14","Frameshift",1
"NCOR1",281,"X281_splice","Splice",1
"NCOR1",313,"Q313*","Truncating",1
"NCOR1",361,"X361_splice","Splice",1
"NCOR1",392,"X392_splice","Splice",1
"NCOR1",525,"T525Nfs*11","Frameshift",2
"NCOR1",531,"E531Q","Missense",1
"NCOR1",532,"K532Rfs*2","Frameshift",1
"NCOR1",592,"E592*","Truncating",1
"NCOR1",686,"X686_splice","Splice",1
"NCOR1",689,"K689*","Truncating",1
"NCOR1",693,"E693D","Missense",1
"NCOR1",721,"E721K","Missense",1
"NCOR1",724,"E724*","Truncating",1
"NCOR1",956,"G956Dfs*22","Frameshift",1
"NCOR1",978,"Q978H","Missense",1
"NCOR1",1006,"X1006_splice","Splice",1
"NCOR1",1008,"Q1008*","Truncating",1
"NCOR1",1029,"P1029Q","Missense",1
"NCOR1",1046,"S1046*","Truncating",1
"NCOR1",1064,"Y1065Afs*7","Frameshift",1
"NCOR1",1109,"E1109K","Missense",1
"NCOR1",1163,"G1163D","Missense",1
"NCOR1",1174,"Q1174H","Missense",1
"NCOR1",1193,"E1193*","Truncating",1
"NCOR1",1215,"K1215R","Missense",1
"NCOR1",1275,"R1275*","Truncating",1
"NCOR1",1435,"Y1435*","Truncating",1
"NCOR1",1467,"P1467Dfs*3","Frameshift",1
"NCOR1",1505,"X1505_splice","Splice",1
"NCOR1",1618,"I1618Lfs*8","Frameshift",1
"NCOR1",1628,"R1628C","Missense",1
"NCOR1",1651,"X1651_splice","Splice",1
"NCOR1",1755,"R1755C","Missense",1
"NCOR1",1792,"Q1792*","Truncating",1
"NCOR1",1794,"R1794*","Truncating",1
"NCOR1",1817,"A1817D","Missense",1
"NCOR1",1817,"A1817T","Missense",1
"NCOR1",1854,"R1854*","Truncating",1
"NCOR1",1909,"P1909S","Missense",1
"NCOR1",1961,"X1961_splice","Splice",1
"NCOR1",2009,"Q2009*","Truncating",1
"NCOR1",2230,"Q2230*","Truncating",1
"NCOR1",2235,"I2235M","Missense",1
"NCOR1",2243,"S2244Vfs*5","Frameshift",1
"NCOR1",2260,"N2260K","Missense",1
"NCOR1",2337,"S2337F","Missense",1
"NCOR1",2358,"S2358Qfs*31","Frameshift",1
"NCOR1",2397,"P2397L","Missense",1
"NF1",41,"E41Dfs*3","Frameshift",1
"NF1",125,"R125P","Missense",1
"NF1",209,"Q209*","Truncating",1
"NF1",218,"X218_splice","Splice",1
"NF1",347,"Q347*","Truncating",1
"NF1",360,"P360A","Missense",1
"NF1",366,"R366*","Truncating",1
"NF1",396,"X396_splice","Splice",1
"NF1",465,"X465_splice","Splice",1
"NF1",524,"E524Q","Missense",1
"NF1",529,"L529P","Missense",1
"NF1",554,"Q554*","Truncating",1
"NF1",571,"W571*","Truncating",1
"NF1",626,"Y628Lfs*6","Frameshift",1
"NF1",682,"Q682*","Truncating",1
"NF1",716,"E716V","Missense",1
"NF1",1048,"W1048*","Truncating",1
"NF1",1246,"F1247Ifs*18","Frameshift",1
"NF1",1250,"R1250W","Missense",1
"NF1",1290,"X1290_splice","Splice",1
"NF1",1306,"R1306Q","Missense",1
"NF1",1325,"X1325_splice","Splice",1
"NF1",1352,"S1352G","Missense",1
"NF1",1392,"X1392_splice","Splice",1
"NF1",1420,"S1420*","Truncating",1
"NF1",1443,"S1443*","Truncating",1
"NF1",1447,"Q1447H","Missense",1
"NF1",1574,"X1575_splice","Splice",1
"NF1",1605,"Y1607Ifs*17","Frameshift",1
"NF1",1734,"E1734*","Truncating",1
"NF1",1894,"E1894Q","Missense",1
"NF1",1896,"S1896L","Missense",1
"NF1",2073,"L2073V","Missense",1
"NF1",2118,"R2119Qfs*10","Frameshift",1
"NF1",2351,"F2351L","Missense",1
"NF1",2395,"X2397_splice","Splice",1
"NF1",2492,"Q2492*","Truncating",1
"NF1",2580,"X2580_splice","Splice",1
"NF1",2601,"S2601*","Truncating",1
"NF1",2663,"K2664*","Frameshift",1
"NF1",2679,"N2679S","Missense",1
"NF1",2694,"P2696Tfs*14","Frameshift",1
"NF1",2697,"Y2698Hfs*39","Frameshift",1
"PIK3CA",81,"E81K","Missense",1
"PIK3CA",83,"F83L","Missense",1
"PIK3CA",83,"F83S","Missense",1
"PIK3CA",88,"R88Q","Missense",2
"PIK3CA",103,"E103_G106delinsD","In-frame indel",1
"PIK3CA",103,"E103_P104del","In-frame indel",1
"PIK3CA",104,"P104L","Missense",1
"PIK3CA",105,"V105_R108del","In-frame indel",1
"PIK3CA",106,"G106_R108del","In-frame indel",1
"PIK3CA",106,"G106R","Missense",1
"PIK3CA",108,"R108H","Missense",2
"PIK3CA",109,"E109_I112delinsD","In-frame indel",1
"PIK3CA",109,"E110del","In-frame indel",2
"PIK3CA",111,"K111_L113del","In-frame indel",1
"PIK3CA",111,"K111del","In-frame indel",2
"PIK3CA",111,"K111E","Missense",1
"PIK3CA",111,"K111N","Missense",1
"PIK3CA",118,"G118D","Missense",6
"PIK3CA",344,"V344M","Missense",1
"PIK3CA",345,"N345H","Missense",1
"PIK3CA",345,"N345K","Missense",18
"PIK3CA",345,"N345T","Missense",1
"PIK3CA",350,"D350G","Missense",1
"PIK3CA",350,"D350N","Missense",1
"PIK3CA",365,"E365V","Missense",1
"PIK3CA",366,"P366R","Missense",2
"PIK3CA",378,"C378F","Missense",1
"PIK3CA",398,"R398H","Missense",1
"PIK3CA",420,"C420R","Missense",5
"PIK3CA",446,"P447_L455del","In-frame indel",3
"PIK3CA",449,"H450_P458del","In-frame indel",1
"PIK3CA",450,"L452_G460del","In-frame indel",1
"PIK3CA",453,"E453K","Missense",6
"PIK3CA",469,"E469delinsDK","In-frame indel",1
"PIK3CA",520,"D520V","Missense",1
"PIK3CA",531,"L531V","Missense",1
"PIK3CA",539,"P539R","Missense",1
"PIK3CA",542,"E542G","Missense",2
"PIK3CA",542,"E542K","Missense",43
"PIK3CA",545,"E545A","Missense",6
"PIK3CA",545,"E545G","Missense",2
"PIK3CA",545,"E545K","Missense",65
"PIK3CA",546,"Q546K","Missense",4
"PIK3CA",546,"Q546P","Missense",1
"PIK3CA",546,"Q546R","Missense",6
"PIK3CA",600,"E600K","Missense",1
"PIK3CA",603,"D603H","Missense",1
"PIK3CA",614,"F614I","Missense",1
"PIK3CA",629,"S629C","Missense",1
"PIK3CA",673,"S673T","Missense",1
"PIK3CA",726,"E726G","Missense",1
"PIK3CA",726,"E726K","Missense",10
"PIK3CA",764,"X764_splice","Splice",1
"PIK3CA",766,"L766F","Missense",1
"PIK3CA",901,"C901F","Missense",1
"PIK3CA",939,"D939G","Missense",2
"PIK3CA",989,"L989V","Missense",1
"PIK3CA",1004,"M1004I","Missense",3
"PIK3CA",1007,"G1007R","Missense",2
"PIK3CA",1021,"Y1021C","Missense",1
"PIK3CA",1025,"T1025A","Missense",1
"PIK3CA",1037,"E1037K","Missense",1
"PIK3CA",1040,"M1040V","Missense",1
"PIK3CA",1043,"M1043I","Missense",3
"PIK3CA",1044,"N1044Y","Missense",2
"PIK3CA",1047,"H1047L","Missense",13
"PIK3CA",1047,"H1047R","Missense",129
"PIK3CA",1047,"H1047Y","Missense",2
"PIK3CA",1049,"G1049R","Missense",2
"PIK3CA",1065,"H1065L","Missense",1
"PIK3R1",175,"M176*","Frameshift",1
"PIK3R1",348,"R348*","Truncating",1
"PIK3R1",379,"L380del","In-frame indel",1
"PIK3R1",406,"N406K","Missense",1
"PIK3R1",440,"D440G","Missense",1
"PIK3R1",450,"H450_R461delinsQ","In-frame indel",1
"PIK3R1",459,"K459_S460dup","In-frame indel",1
"PIK3R1",464,"D464N","Missense",1
"PIK3R1",465,"E468_E469insGLYE","In-frame indel",1
"PIK3R1",510,"E510V","Missense",1
"PIK3R1",515,"E515K","Missense",1
"PIK3R1",557,"R557*","Truncating",1
"PIK3R1",559,"I559T","Missense",1
"PIK3R1",563,"N564_L573del","In-frame indel",1
"PIK3R1",566,"I571_Q572insHKPDLI","In-frame indel",1
"PIK3R1",566,"K567_L570del","In-frame indel",3
"PIK3R1",568,"D569dup","In-frame indel",1
"PIK3R1",571,"I571_L573del","In-frame indel",1
"PIK3R1",574,"R574del","In-frame indel",1
"PIK3R1",575,"K575_L581del","In-frame indel",1
"PIK3R1",575,"K575_T576dup","In-frame indel",1
"PIK3R1",577,"R577_D578dup","In-frame indel",1
"PIK3R1",578,"D578_M582delinsE","In-frame indel",1
"PIK3R1",578,"Q579_Y580del","In-frame indel",1
"PIK3R1",579,"X579_splice","Splice",1
"PIK3R1",635,"E635K","Missense",1
"PIK3R1",644,"G644C","Missense",1
"PIK3R1",644,"G644S","Missense",1
"PIK3R1",669,"H669Q","Missense",1
"PTEN",10,"S10R","Missense",1
"PTEN",15,"Y16Lfs*28","Frameshift",1
"PTEN",16,"Y16*","Truncating",1
"PTEN",18,"D19Gfs*25","Frameshift",1
"PTEN",47,"N48Tfs*6","Frameshift",1
"PTEN",48,"N48Tfs*6","Frameshift",1
"PTEN",48,"N48I","Missense",1
"PTEN",59,"S59*","Truncating",1
"PTEN",63,"H64_Y65del","In-frame indel",1
"PTEN",70,"X70_splice","Splice",1
"PTEN",73,"E73*","Frameshift",1
"PTEN",73,"E73Dfs*25","Frameshift",1
"PTEN",76,"Y76*","Truncating",1
"PTEN",85,"X85_splice","Splice",1
"PTEN",88,"Y88*","Truncating",1
"PTEN",92,"D92E","Missense",1
"PTEN",93,"H93D","Missense",1
"PTEN",93,"H93L","Missense",1
"PTEN",116,"N117Kfs*9","Frameshift",1
"PTEN",116,"D116_H118delinsY","In-frame indel",1
"PTEN",123,"H123D","Missense",1
"PTEN",124,"C124G","Missense",1
"PTEN",126,"A126G","Missense",1
"PTEN",128,"K128N","Missense",1
"PTEN",130,"R130P","Missense",1
"PTEN",130,"R130Q","Missense",4
"PTEN",130,"R130*","Truncating",2
"PTEN",135,"I135K","Missense",1
"PTEN",136,"A137Tfs*39","Frameshift",1
"PTEN",140,"L140*","Truncating",1
"PTEN",146,"L146*","Truncating",1
"PTEN",149,"Q149*","Truncating",1
"PTEN",154,"X154_splice","Splice",1
"PTEN",162,"V166Sfs*14","Frameshift",1
"PTEN",165,"X165_splice","Splice",1
"PTEN",182,"K183Efs*6","Frameshift",1
"PTEN",198,"M198K","Missense",1
"PTEN",212,"X212_splice","Splice",1
"PTEN",217,"V217A","Missense",1
"PTEN",217,"V217G","Missense",1
"PTEN",251,"D252Rfs*42","Frameshift",1
"PTEN",256,"F257Vfs*41","Frameshift",1
"PTEN",258,"F258L","Missense",1
"PTEN",258,"F258Y","Missense",1
"PTEN",259,"H259Qfs*7","Frameshift",1
"PTEN",265,"K267Rfs*9","Frameshift",2
"PTEN",266,"K266*","Truncating",1
"PTEN",273,"W274Gfs*2","Frameshift",1
"PTEN",286,"E288Rfs*7","Frameshift",1
"PTEN",287,"S287*","Truncating",2
"PTEN",288,"V290*","Frameshift",1
"PTEN",288,"V290Sfs*8","Frameshift",1
"PTEN",299,"I300Sfs*7","Frameshift",1
"PTEN",317,"T319*","Frameshift",2
"PTEN",323,"D324Tfs*8","Frameshift",1
"PTEN",343,"X343_splice","Splice",1
"PTEN",347,"F347L","Missense",1
"RB1",60,"C61Ifs*5","Frameshift",1
"RB1",61,"C61Y","Missense",1
"RB1",70,"A74Efs*4","Frameshift",1
"RB1",93,"Q93*","Truncating",1
"RB1",174,"L174F","Missense",1
"RB1",206,"L206*","Truncating",1
"RB1",215,"S215*","Truncating",2
"RB1",253,"R254Gfs*10","Frameshift",1
"RB1",255,"R255Q","Missense",1
"RB1",288,"V288E","Missense",1
"RB1",313,"X313_splice","Splice",1
"RB1",334,"R334K","Missense",1
"RB1",383,"Q383*","Truncating",1
"RB1",455,"R455*","Truncating",1
"RB1",550,"L550Mfs*61","Frameshift",1
"RB1",552,"R552*","Truncating",1
"RB1",606,"Y606*","Truncating",1
"RB1",676,"I679Rfs*15","Frameshift",1
"RB1",694,"L694P","Missense",1
"RB1",803,"I804Ffs*8","Frameshift",1
"RB1",823,"M825*","Frameshift",1
"RB1",829,"S829*","Truncating",1
"RB1",853,"C853*","Truncating",1
"RB1",864,"E864*","Truncating",1
"RB1",865,"S866Afs*7","Frameshift",1
"RB1",873,"K873E","Missense",1
"RB1",908,"R908*","Truncating",1
"RUNX1",97,"F97L","Missense",1
"RUNX1",97,"F97Y","Missense",1
"RUNX1",103,"P103S","Missense",1
"RUNX1",107,"R107L","Missense",1
"RUNX1",112,"L112Cfs*10","Frameshift",1
"RUNX1",117,"K117*","Truncating",1
"RUNX1",122,"G122R","Missense",1
"RUNX1",123,"D123Gfs*11","Frameshift",2
"RUNX1",123,"D123Gfs*15","Frameshift",5
"RUNX1",123,"D123Mfs*10","Frameshift",1
"RUNX1",135,"G135D","Missense",1
"RUNX1",139,"N139S","Missense",1
"RUNX1",143,"E143_A147del","In-frame indel",1
"RUNX1",161,"L161Pfs*52","Frameshift",1
"RUNX1",161,"L161P","Missense",1
"RUNX1",168,"G168R","Missense",1
"RUNX1",169,"R169Kfs*44","Frameshift",2
"RUNX1",170,"X170_splice","Splice",1
"RUNX1",189,"Y189H","Missense",1
"RUNX1",198,"D198G","Missense",1
"RUNX1",199,"R201Efs*10","Frameshift",1
"RUNX1",213,"Q213Rfs*24","Frameshift",1
"RUNX1",217,"S218Afs*4","Frameshift",1
"RUNX1",244,"A244V","Missense",1
"RUNX1",245,"T246Hfs*15","Frameshift",1
"RUNX1",256,"T257Lfs*54","Frameshift",1
"RUNX1",256,"S256F","Missense",1
"RUNX1",259,"F259Sfs*338","Frameshift",1
"RUNX1",264,"Q264*","Truncating",1
"RUNX1",266,"Q266*","Truncating",1
"RUNX1",284,"S284Dfs*22","Frameshift",1
"RUNX1",287,"L288Tfs*24","Frameshift",1
"RUNX1",295,"V296Qfs*13","Frameshift",1
"RUNX1",314,"S314Cfs*285","Frameshift",1
"RUNX1",316,"E316K","Missense",1
"RUNX1",317,"L317F","Missense",1
"RUNX1",323,"X323_splice","Splice",1
"RUNX1",341,"I342Hfs*258","Frameshift",1
"SF3B1",241,"G241*","Truncating",1
"SF3B1",455,"S455Vfs*13","Frameshift",1
"SF3B1",464,"L464F","Missense",1
"SF3B1",622,"E622Q","Missense",1
"SF3B1",626,"N626D","Missense",1
"SF3B1",633,"A633V","Missense",1
"SF3B1",666,"K666E","Missense",1
"SF3B1",666,"K666N","Missense",1
"SF3B1",700,"K700E","Missense",10
"SF3B1",765,"Y765C","Missense",1
"SF3B1",781,"D781E","Missense",1
"SF3B1",802,"E802Q","Missense",1
"SMAD4",109,"L109R","Missense",1
"SMAD4",132,"H132Y","Missense",1
"SMAD4",229,"G231Afs*10","Frameshift",1
"SMAD4",245,"Q245*","Truncating",1
"SMAD4",315,"N316Ifs*20","Frameshift",1
"SMAD4",334,"Q334*","Truncating",1
"SMAD4",351,"D351H","Missense",1
"SMAD4",361,"R361H","Missense",1
"SMAD4",526,"E526*","Truncating",1
"TBX3",103,"K104Vfs*8","Frameshift",1
"TBX3",112,"L112V","Missense",1
"TBX3",113,"W113R","Missense",1
"TBX3",130,"X130_splice","Splice",1
"TBX3",134,"P134S","Missense",1
"TBX3",149,"Y149*","Truncating",1
"TBX3",159,"D159Efs*6","Frameshift",1
"TBX3",160,"D160del","In-frame indel",1
"TBX3",164,"K164Sfs*10","Frameshift",1
"TBX3",170,"W170*","Truncating",1
"TBX3",174,"K175*","Frameshift",1
"TBX3",183,"M184Gfs*25","Frameshift",1
"TBX3",187,"H187Y","Missense",2
"TBX3",195,"E195Gfs*32","Frameshift",1
"TBX3",204,"F204S","Missense",1
"TBX3",210,"N211Tfs*32","Frameshift",1
"TBX3",212,"N212del","In-frame indel",1
"TBX3",218,"F219Ifs*8","Frameshift",1
"TBX3",239,"X239_splice","Splice",1
"TBX3",247,"K247_R256del","In-frame indel",1
"TBX3",248,"Y248*","Truncating",1
"TBX3",265,"Y265Lfs*12","Frameshift",1
"TBX3",294,"I294*","Frameshift",1
"TBX3",296,"N296Kfs*31","Frameshift",1
"TBX3",325,"D326*","Frameshift",1
"TBX3",327,"E327Dfs*33","Frameshift",1
"TBX3",333,"N333Kfs*28","Frameshift",1
"TBX3",363,"S363W","Missense",1
"TBX3",367,"X367_splice","Splice",1
"TBX3",650,"P650L","Missense",1
"TBX3",693,"N693Tfs*196","Frameshift",1
"TBX3",720,"E720K","Missense",1
"TP53",11,"E11K","Missense",1
"TP53",27,"P27S","Missense",1
"TP53",33,"X33_splice","Splice",1
"TP53",51,"E51*","Truncating",1
"TP53",52,"Q52*","Truncating",1
"TP53",56,"E56*","Truncating",1
"TP53",76,"P77Cfs*73","Frameshift",1
"TP53",76,"P77Gfs*65","Frameshift",1
"TP53",85,"A86Cfs*63","Frameshift",1
"TP53",90,"S90Pfs*33","Frameshift",1
"TP53",91,"W91*","Truncating",1
"TP53",93,"L93Vfs*55","Frameshift",1
"TP53",107,"Y107Cfs*16","Frameshift",1
"TP53",107,"Y107D","Missense",1
"TP53",108,"G108Ffs*40","Frameshift",1
"TP53",108,"G108Vfs*15","Frameshift",2
"TP53",109,"R110Sfs*14","Frameshift",2
"TP53",110,"R110Vfs*13","Frameshift",2
"TP53",110,"R110del","In-frame indel",1
"TP53",111,"L111P","Missense",2
"TP53",111,"L111Q","Missense",1
"TP53",113,"F113C","Missense",2
"TP53",114,"L114*","Truncating",1
"TP53",115,"H115Ifs*8","Frameshift",1
"TP53",117,"T118Dfs*31","Frameshift",1
"TP53",122,"V122Dfs*26","Frameshift",1
"TP53",124,"C124*","Truncating",1
"TP53",125,"X125_splice","Splice",4
"TP53",126,"Y126C","Missense",1
"TP53",126,"Y126N","Missense",1
"TP53",126,"X126_splice","Splice",4
"TP53",127,"S127P","Missense",1
"TP53",127,"S127Y","Missense",1
"TP53",128,"P128Lfs*42","Frameshift",1
"TP53",130,"L130V","Missense",1
"TP53",131,"N131Tfs*39","Frameshift",1
"TP53",132,"K132E","Missense",2
"TP53",132,"K132N","Missense",2
"TP53",132,"K132T","Missense",1
"TP53",133,"M133K","Missense",1
"TP53",135,"C135F","Missense",1
"TP53",135,"C135R","Missense",1
"TP53",135,"C135W","Missense",1
"TP53",135,"C135Y","Missense",1
"TP53",136,"Q136E","Missense",1
"TP53",136,"Q136P","Missense",1
"TP53",136,"Q136*","Truncating",1
"TP53",138,"A138Cfs*27","Frameshift",1
"TP53",138,"K139_P142del","In-frame indel",1
"TP53",141,"C141R","Missense",1
"TP53",141,"C141Y","Missense",3
"TP53",144,"Q144*","Truncating",1
"TP53",147,"V147Lfs*23","Frameshift",1
"TP53",151,"P151H","Missense",1
"TP53",152,"P152Afs*14","Frameshift",1
"TP53",155,"V157Afs*24","Frameshift",1
"TP53",155,"T155P","Missense",1
"TP53",156,"R156Afs*12","Frameshift",1
"TP53",156,"R156del","In-frame indel",1
"TP53",157,"V157D","Missense",1
"TP53",157,"V157F","Missense",1
"TP53",157,"V157G","Missense",1
"TP53",158,"R158G","Missense",1
"TP53",161,"I162Wfs*10","Frameshift",1
"TP53",161,"A161T","Missense",1
"TP53",162,"I162Tfs*8","Frameshift",1
"TP53",162,"I162_Y163delinsN","In-frame indel",1
"TP53",163,"Y163C","Missense",3
"TP53",165,"Q165Afs*6","Frameshift",1
"TP53",167,"Q167*","Truncating",1
"TP53",168,"H168P","Missense",1
"TP53",169,"M169I","Missense",1
"TP53",171,"E171Lfs*2","Frameshift",1
"TP53",173,"V173L","Missense",2
"TP53",173,"V173M","Missense",1
"TP53",174,"R174Sfs*73","Frameshift",1
"TP53",175,"R175H","Missense",21
"TP53",176,"C176Sfs*71","Frameshift",1
"TP53",176,"C176F","Missense",4
"TP53",176,"C176*","Truncating",1
"TP53",179,"H179R","Missense",6
"TP53",179,"H179Y","Missense",1
"TP53",183,"S183*","Truncating",2
"TP53",187,"G187S","Missense",1
"TP53",187,"X187_splice","Splice",3
"TP53",192,"Q192*","Truncating",1
"TP53",193,"H193L","Missense",2
"TP53",193,"H193R","Missense",6
"TP53",193,"H193Y","Missense",2
"TP53",194,"L194P","Missense",1
"TP53",194,"L194R","Missense",4
"TP53",195,"I195T","Missense",5
"TP53",196,"R196*","Truncating",8
"TP53",197,"V197G","Missense",1
"TP53",198,"E198*","Truncating",1
"TP53",199,"G199V","Missense",2
"TP53",201,"L201Ffs*8","Frameshift",1
"TP53",204,"E204Sfs*43","Frameshift",1
"TP53",205,"Y205C","Missense",1
"TP53",205,"Y205N","Missense",1
"TP53",208,"D208G","Missense",1
"TP53",209,"R209Kfs*6","Frameshift",4
"TP53",211,"T211Ffs*4","Frameshift",1
"TP53",211,"T211Lfs*36","Frameshift",1
"TP53",212,"F212Sfs*3","Frameshift",1
"TP53",213,"R213*","Truncating",7
"TP53",215,"S215I","Missense",2
"TP53",216,"V216M","Missense",3
"TP53",220,"Y220C","Missense",7
"TP53",220,"Y220H","Missense",1
"TP53",220,"Y220S","Missense",2
"TP53",221,"E221*","Truncating",1
"TP53",224,"X224_splice","Splice",1
"TP53",225,"X225_splice","Splice",5
"TP53",232,"I232S","Missense",1
"TP53",234,"Y234C","Missense",2
"TP53",237,"M237I","Missense",1
"TP53",238,"N239*","Frameshift",2
"TP53",238,"C238F","Missense",2
"TP53",238,"C238Y","Missense",2
"TP53",241,"C242Afs*5","Frameshift",3
"TP53",241,"S241C","Missense",1
"TP53",241,"S241F","Missense",1
"TP53",242,"C242G","Missense",1
"TP53",245,"G245D","Missense",3
"TP53",245,"G245S","Missense",2
"TP53",246,"M246I","Missense",1
"TP53",247,"N247I","Missense",1
"TP53",248,"R248Q","Missense",4
"TP53",248,"R248W","Missense",5
"TP53",250,"I251Sfs*94","Frameshift",1
"TP53",250,"P250L","Missense",1
"TP53",252,"L252Sfs*93","Frameshift",1
"TP53",252,"T253Hfs*11","Frameshift",1
"TP53",252,"L252P","Missense",1
"TP53",255,"I255del","In-frame indel",1
"TP53",255,"I255F","Missense",1
"TP53",255,"I255N","Missense",1
"TP53",255,"I255S","Missense",1
"TP53",256,"T256Nfs*8","Frameshift",1
"TP53",257,"L257R","Missense",1
"TP53",258,"E258Q","Missense",1
"TP53",258,"E258*","Truncating",1
"TP53",261,"X261_splice","Splice",3
"TP53",265,"L265P","Missense",1
"TP53",265,"L265R","Missense",1
"TP53",266,"G266E","Missense",2
"TP53",270,"E271*","Frameshift",1
"TP53",270,"F270I","Missense",1
"TP53",270,"F270S","Missense",1
"TP53",272,"V272M","Missense",3
"TP53",273,"R273C","Missense",5
"TP53",273,"R273H","Missense",13
"TP53",273,"R273L","Missense",3
"TP53",273,"R273P","Missense",1
"TP53",274,"C275Lfs*67","Frameshift",1
"TP53",274,"V274F","Missense",1
"TP53",275,"C275Y","Missense",1
"TP53",276,"A276P","Missense",1
"TP53",278,"P278A","Missense",1
"TP53",278,"P278L","Missense",1
"TP53",278,"P278S","Missense",1
"TP53",278,"P278T","Missense",1
"TP53",279,"G279E","Missense",1
"TP53",280,"R280K","Missense",2
"TP53",280,"R280S","Missense",1
"TP53",280,"R280T","Missense",2
"TP53",280,"R280*","Truncating",1
"TP53",281,"D281E","Missense",1
"TP53",281,"D281V","Missense",1
"TP53",281,"D281Y","Missense",1
"TP53",282,"R282G","Missense",1
"TP53",282,"R282W","Missense",4
"TP53",285,"E285Rfs*54","Frameshift",1
"TP53",285,"E285K","Missense",4
"TP53",286,"E286A","Missense",1
"TP53",286,"E286K","Missense",2
"TP53",286,"E286Q","Missense",1
"TP53",287,"E287Pfs*9","Frameshift",1
"TP53",287,"E287D","Missense",1
"TP53",289,"L289F","Missense",1
"TP53",292,"K292Gfs*52","Frameshift",1
"TP53",294,"E294*","Truncating",2
"TP53",298,"L299Afs*7","Frameshift",1
"TP53",303,"S303Afs*42","Frameshift",1
"TP53",304,"T304Ifs*41","Frameshift",1
"TP53",306,"R306*","Truncating",2
"TP53",307,"L308Afs*28","Frameshift",1
"TP53",307,"X307_splice","Splice",1
"TP53",317,"P318Tfs*15","Frameshift",1
"TP53",328,"F328Sfs*17","Frameshift",1
"TP53",331,"X331_splice","Splice",3
"TP53",331,"Q331*","Truncating",3
"TP53",333,"R333Vfs*12","Frameshift",1
"TP53",339,"E339Rfs*6","Frameshift",1
"TP53",342,"R342Efs*3","Frameshift",1
"TP53",342,"R342P","Missense",2
"TP53",342,"R342*","Truncating",7
"ZFP36L1",9,"I10Ffs*64","Frameshift",1
"ZFP36L1",11,"F11L","Missense",1
"ZFP36L1",12,"D12N","Missense",1
"ZFP36L1",17,"L17Yfs*63","Frameshift",1
"ZFP36L1",33,"C34Lfs*41","Frameshift",1
"ZFP36L1",42,"T43Hfs*32","Frameshift",1
"ZFP36L1",76,"P77Rfs*67","Frameshift",1
"ZFP36L1",114,"Y115Afs*34","Frameshift",1
"ZFP36L1",154,"K154*","Truncating",1
"ZFP36L1",169,"Y169S","Missense",1
"ZFP36L1",176,"I176del","In-frame indel",1
