"chrom","pos","ref","alt","gene","protein_change","count"
"chr3",178952085,"A","G","PIK3CA","H1047R",129
"chr3",178936091,"G","A","PIK3CA","E545K",65
"chr3",178936082,"G","A","PIK3CA","E542K",43
"chr14",105246551,"C","T","AKT1","E17K",25
"chr10",8111433,"CA","-","GATA3","X308_splice",21
"chr17",7578406,"C","T","TP53","R175H",21
"chr3",178921553,"T","A","PIK3CA","N345K",18
"chr3",178952085,"A","T","PIK3CA","H1047L",13
"chr17",7577120,"C","T","TP53","R273H",13
"chr3",178938934,"G","A","PIK3CA","E726K",10
"chr16",68772218,"C","T","CDH1","Q23*",8
"chr10",8111513,"-","G","GATA3","D335Gfs*17",8
"chr17",7578263,"G","A","TP53","R196*",8
"chr10",8115874,"-","G","GATA3","P408Afs*99",7
"chr17",7578190,"T","C","TP53","Y220C",7
"chr17",7574003,"G","A","TP53","R342*",7
"chr17",7578212,"G","A","TP53","R213*",7
"chr3",178917478,"G","A","PIK3CA","G118D",6
"chr3",178936095,"A","G","PIK3CA","Q546R",6
"chr3",178936092,"A","C","PIK3CA","E545A",6
"chr3",178928079,"G","A","PIK3CA","E453K",6
"chr17",7578394,"T","C","TP53","H179R",6
"chr17",7578271,"T","C","TP53","H193R",6
"chr17",37880220,"T","C","ERBB2","L755S",5
"chr3",178927980,"T","C","PIK3CA","C420R",5
"chr21",36252994,"-","C","RUNX1","D123Gfs*15",5
"chr17",7577121,"G","A","TP53","R273C",5
"chr17",7578265,"A","G","TP53","I195T",5
"chr17",7577539,"G","A","TP53","R248W",5
"chr16",68835596,"C","T","CDH1","R63*",4
"chr16",68835780,"-","C","CDH1","P127Afs*41",4
"chr3",178936094,"C","A","PIK3CA","Q546K",4
"chr10",89692905,"G","A","PTEN","R130Q",4
"chr17",7578403,"C","A","TP53","C176F",4
"chr17",7578222,"TC","-","TP53","R209Kfs*6",4
"chr17",7578268,"A","C","TP53","L194R",4
"chr17",7577094,"G","A","TP53","R282W",4
"chr17",7577085,"C","T","TP53","E285K",4
"chr17",7577538,"C","T","TP53","R248Q",4
"chr16",68844139,"G","A","CDH1","E243K",3
"chr17",37881000,"G","T","ERBB2","V777L",3
"chr14",38061240,"G","A","FOXA1","S250F",3
"chr14",38061461,"G","C","FOXA1","I176M",3
"chr10",8115874,"-","T","GATA3","P408Afs*99",3
"chr10",8106058,"T","A","GATA3","M293K",3
"chr5",56155725,"AG","-","MAP3K1","R273Sfs*27",3
"chr5",56177011,"ATAG","-","MAP3K1","R763Cfs*35",3
"chr3",178928060,"GCCAGTACCTCATGGATTAGAAGATTT","-","PIK3CA","P447_L455del",3
"chr17",7577124,"C","T","TP53","V272M",3
"chr17",7577120,"C","A","TP53","R273L",3
"chr17",7576855,"G","A","TP53","Q331*",3
"chr17",7578442,"T","C","TP53","Y163C",3
"chr17",7578508,"C","T","TP53","C141Y",3
"chr17",7577610,"T","C","TP53","X225_splice",3
"chr17",7577547,"C","T","TP53","G245D",3
"chr17",7577558,"G","-","TP53","C242Afs*5",3
"chr17",7578203,"C","T","TP53","V216M",3
"chr1",27106354,"C","T","ARID1A","R1989*",2
"chr1",27057874,"C","T","ARID1A","Q528*",2
"chr16",68849628,"C","T","CDH1","Q511*",2
"chr16",68849663,"G","A","CDH1","X522_splice",2
"chr16",68835629,"C","T","CDH1","R74*",2
"chr17",37880261,"G","T","ERBB2","D769Y",2
"chr17",37880257,"C","G","ERBB2","I767M",2
"chr14",38061312,"T","C","FOXA1","D226G",2
"chr10",8115955,"-","C","GATA3","S436Lfs*71",2
"chr10",8111494,"-","CTGGAGG","GATA3","R330Lfs*24",2
"chr10",8115873,"-","C","GATA3","P408Afs*99",2
"chr10",8115941,"-","T","GATA3","G431Wfs*76",2
"chr10",8111513,"-","GG","GATA3","D335Gfs*21",2
"chr7",151845580,"G","A","KMT2C","R4478*",2
"chr7",151945601,"C","A","KMT2C","E640*",2
"chr7",151891600,"G","A","KMT2C","Q1478*",2
"chr17",12028638,"C","T","MAP2K4","R281*",2
"chr17",12016616,"G","T","MAP2K4","S251I",2
"chr17",11984671,"AG","-","MAP2K4","X75_splice",2
"chr17",12016647,"AA","-","MAP2K4","D263Cfs*4",2
"chr17",12011144,"C","T","MAP2K4","S184L",2
"chr5",56181812,"GTT","-","MAP3K1","V1346del",2
"chr5",56160679,"-","A","MAP3K1","L319Tfs*7",2
"chr5",56178169,"C","T","MAP3K1","Q1048*",2
"chr5",56168740,"C","T","MAP3K1","R532*",2
"chr5",56183240,"-","T","MAP3K1","R1385Kfs*35",2
"chr5",56178459,"-","A","MAP3K1","T1145Nfs*6",2
"chr3",178916876,"G","A","PIK3CA","R88Q",2
"chr3",178952084,"C","T","PIK3CA","H1047Y",2
"chr3",178952090,"G","C","PIK3CA","G1049R",2
"chr3",178952074,"G","A","PIK3CA","M1043I",2
"chr3",178916938,"GAA","-","PIK3CA","E110del",2
"chr3",178936092,"A","G","PIK3CA","E545G",2
"chr3",178916936,"G","A","PIK3CA","R108H",2
"chr3",178951957,"G","A","PIK3CA","M1004I",2
"chr3",178936083,"A","G","PIK3CA","E542G",2
"chr3",178916944,"AAG","-","PIK3CA","K111del",2
"chr3",178922328,"C","G","PIK3CA","P366R",2
"chr3",178951964,"G","C","PIK3CA","G1007R",2
"chr3",178952075,"A","T","PIK3CA","N1044Y",2
"chr3",178948044,"A","G","PIK3CA","D939G",2
"chr10",89692904,"C","T","PTEN","R130*",2
"chr10",89720799,"TACT","-","PTEN","T319*",2
"chr10",89717770,"A","-","PTEN","K267Rfs*9",2
"chr10",89720709,"C","G","PTEN","S287*",2
"chr21",36252856,"-","T","RUNX1","R169Kfs*44",2
"chr21",36252994,"-","CC","RUNX1","D123Gfs*11",2
"chr17",7579364,"C","-","TP53","G108Vfs*15",2
"chr17",7577580,"T","C","TP53","Y234C",2
"chr17",7578253,"C","A","TP53","G199V",2
"chr17",7579355,"A","G","TP53","L111P",2
"chr17",7578536,"T","C","TP53","K132E",2
"chr17",7577141,"C","T","TP53","G266E",2
"chr17",7577568,"C","T","TP53","C238Y",2
"chr17",7578205,"C","A","TP53","S215I",2
"chr17",7577566,"-","A","TP53","N239*",2
"chr17",7574002,"C","G","TP53","R342P",2
"chr17",7577058,"C","A","TP53","E294*",2
"chr17",7578555,"C","T","TP53","X126_splice",2
"chr17",7578271,"T","A","TP53","H193L",2
"chr17",7578272,"G","A","TP53","H193Y",2
"chr17",7579359,"G","-","TP53","R110Vfs*13",2
"chr17",7578190,"T","G","TP53","Y220S",2
"chr17",7577548,"C","T","TP53","G245S",2
"chr17",7578534,"C","G","TP53","K132N",2
"chr17",7577099,"C","G","TP53","R280T",2
"chr17",7577568,"C","A","TP53","C238F",2
"chr17",7577022,"G","A","TP53","R306*",2
"chr17",7577082,"C","T","TP53","E286K",2
"chr17",7579349,"A","C","TP53","F113C",2
"chr17",7577099,"C","T","TP53","R280K",2
