"gene","uniprot","position","type","description"
"CDH1","P12830",753,"phospho","Phosphotyrosine"
"CDH1","P12830",754,"phospho","Phosphotyrosine"
"CDH1","P12830",755,"phospho","Phosphotyrosine"
"CDH1","P12830",770,"phospho","Phosphoserine"
"CDH1","P12830",793,"phospho","Phosphoserine"
"CDH1","P12830",838,"phospho","Phosphoserine"
"CDH1","P12830",840,"phospho","Phosphoserine"
"CDH1","P12830",846,"phospho","Phosphoserine"
"GATA3","P23771",115,"phospho","Phosphoserine"
"GATA3","P23771",162,"phospho","Phosphoserine"
"MAP3K1","Q13233",2,"acetyl","N-acetylalanine"
"MAP3K1","Q13233",21,"phospho","Phosphoserine"
"MAP3K1","Q13233",35,"phospho","Phosphoserine"
"MAP3K1","Q13233",137,"phospho","Phosphoserine"
"MAP3K1","Q13233",154,"phospho","Phosphoserine"
"MAP3K1","Q13233",275,"phospho","Phosphoserine"
"MAP3K1","Q13233",285,"phospho","Phosphothreonine"
"MAP3K1","Q13233",292,"phospho","Phosphoserine"
"MAP3K1","Q13233",297,"phospho","Phosphoserine"
"MAP3K1","Q13233",300,"phospho","Phosphoserine"
"MAP3K1","Q13233",507,"phospho","Phosphoserine"
"MAP3K1","Q13233",531,"phospho","Phosphoserine"
"MAP3K1","Q13233",923,"phospho","Phosphoserine"
"MAP3K1","Q13233",1018,"phospho","Phosphoserine"
"MAP3K1","Q13233",1043,"phospho","Phosphoserine"
"MAP3K1","Q13233",1400,"phospho","Phosphothreonine"
"MAP3K1","Q13233",1412,"phospho","Phosphothreonine"
"PTEN","P60484",2,"acetyl","N-acetylthreonine"
"PTEN","P60484",294,"phospho","Phosphoserine"
"PTEN","P60484",319,"phospho","Phosphothreonine"
"PTEN","P60484",321,"phospho","Phosphothreonine"
"PTEN","P60484",336,"phospho","Phosphotyrosine"
"PTEN","P60484",366,"phospho","Phosphothreonine"
"PTEN","P60484",370,"phospho","Phosphoserine"
"PTEN","P60484",380,"phospho","Phosphoserine"
"PTEN","P60484",382,"phospho","Phosphothreonine"
"PTEN","P60484",383,"phospho","Phosphothreonine"
"PTEN","P60484",385,"phospho","Phosphoserine"
"PTEN","P60484",401,"phospho","Phosphothreonine"
"TP53","P04637",9,"phospho","Phosphoserine"
"TP53","P04637",15,"phospho","Phosphoserine"
"TP53","P04637",18,"phospho","Phosphothreonine"
"TP53","P04637",20,"phospho","Phosphoserine"
"TP53","P04637",33,"phospho","Phosphoserine"
"TP53","P04637",37,"phospho","Phosphoserine"
"TP53","P04637",46,"phospho","Phosphoserine"
"TP53","P04637",55,"phospho","Phosphothreonine"
"TP53","P04637",120,"acetyl","N6-acetyllysine"
"TP53","P04637",120,"other","N6-lactoyllysine"
"TP53","P04637",139,"other","N6-lactoyllysine"
"TP53","P04637",183,"phospho","Phosphoserine"
"TP53","P04637",269,"phospho","Phosphoserine"
"TP53","P04637",284,"phospho","Phosphothreonine"
"TP53","P04637",305,"acetyl","N6-acetyllysine"
"TP53","P04637",315,"phospho","Phosphoserine"
"TP53","P04637",321,"acetyl","N6-acetyllysine"
"TP53","P04637",333,"methyl","Omega-N-methylarginine"
"TP53","P04637",335,"methyl","Symmetric dimethylarginine"
"TP53","P04637",337,"methyl","Symmetric dimethylarginine"
"TP53","P04637",370,"methyl","N6,N6-dimethyllysine"
"TP53","P04637",370,"methyl","N6-methyllysine"
"TP53","P04637",372,"methyl","N6-methyllysine"
"TP53","P04637",373,"methyl","N6,N6-dimethyllysine"
"TP53","P04637",373,"acetyl","N6-acetyllysine"
"TP53","P04637",381,"acetyl","N6-acetyllysine"
"TP53","P04637",382,"methyl","N6,N6-dimethyllysine"
"TP53","P04637",382,"acetyl","N6-acetyllysine"
"TP53","P04637",382,"methyl","N6-methyllysine"
"TP53","P04637",392,"phospho","Phosphoserine"
