"sample","BRCA-A","BRCA-B","BRCA-C","BRCA-D"
"TCGA-A1-A0SO-01A",11.1,72.29,18.38,21.59
"TCGA-C8-A1HN-01A",1.63,34.74,0,2.77
"TCGA-LL-A5YP-01A",0,22.23,6.31,9.16
"TCGA-OL-A97C-01A",1.24,30.7,2.09,3.71
"TCGA-BH-A18G-01A",16.28,1282.76,3.68,9.02
"TCGA-A2-A4RW-01A",1.79,24.16,59.63,0
"TCGA-A8-A09E-01A",0,20.82,0.64,7.6
"TCGA-A8-A095-01A",8.04,8.11,83.75,54.93
"TCGA-BH-A18T-01A",1.63,28.47,17.06,2.56
"TCGA-A2-A0YM-01A",6.57,43.3,21.25,2.31
"TCGA-LL-A6FP-01A",2.81,19.68,2.98,15.75
"TCGA-A7-A4SF-01A",4.8,33.14,16.79,10.56
"TCGA-A8-A06X-01A",1.47,84.36,16.53,7.9
"TCGA-A8-A07R-01A",3.24,75.42,11.02,24.72
"TCGA-E9-A1R4-01A",4.5,20.11,57.62,24.36
"TCGA-C8-A12M-01A",12.73,29.9,0,1.92
"TCGA-BH-A18L-01A",2.77,38.53,0,4.17
"TCGA-E2-A1IG-01A",5.54,20.49,0.35,4.39
"TCGA-AN-A0FZ-01A",2.73,47.48,0,15.56
"TCGA-B6-A0IK-01A",3.81,26.69,43.91,80.63
"TCGA-AN-A046-01A",5698.75,169.09,0,103.93
"TCGA-B6-A0RV-01A",0,5.65,31.02,13.3
"TCGA-BH-A5J0-01A",0,20.53,11.16,31.15
"TCGA-A7-A13E-01A",1.05,44.57,1.19,3.58
"TCGA-A8-A081-01A",3.24,60.63,23.18,11.83
"TCGA-B6-A0RG-01A",0.54,17.67,14.8,0
"TCGA-A8-A08F-01A",0,43.28,7.35,6.2
"TCGA-A1-A0SP-01A",0,35.63,1.1,5.09
"TCGA-AR-A2LR-01A",3.18,33.74,2.38,3.32
"TCGA-E9-A1NA-01A",8.11,23.09,21.48,3.41
"TCGA-C8-A138-01A",6.62,22.57,0,4.09
"TCGA-BH-A0WA-01A",0,27.21,0.86,25.34
"TCGA-AR-A24Q-01A",4.36,44.01,23.3,16.91
"TCGA-AR-A0TW-01A",7.88,30.81,5.05,0.55
"TCGA-AO-A0JM-01A",4.81,25.83,7.72,0.5
"TCGA-OL-A5RZ-01A",10,58.97,2.59,16.28
"TCGA-D8-A1JG-01B",35.24,50.63,6.19,8.61
"TCGA-BH-A0DI-01A",0,20.07,3.12,14.19
"TCGA-BH-A1F2-01A",1.45,30.56,7.29,6.88
"TCGA-E9-A1NC-01A",1.4,28.53,12.41,0
"TCGA-AQ-A0Y5-01A",3.41,32.98,9.75,7.55
"TCGA-BH-A0BZ-01A",7.45,69.27,31.95,12.18
"TCGA-AO-A0J5-01A",3.63,29.72,0,9.02
"TCGA-A7-A26H-01A",3.5,34.87,40.12,39.4
"TCGA-5L-AAT1-01A",42.01,0,658.01,605.4
"TCGA-C8-A12Q-01A",15.35,14.8,44,30.29
"TCGA-A2-A0CL-01A",3.47,17.73,81.95,39.05
"TCGA-AO-A0J9-01A",0,19.75,27.78,79.37
"TCGA-A8-A093-01A",15.18,20.91,13.15,68.4
"TCGA-A8-A06U-01A",0.49,37.84,12.75,0.5
"TCGA-AC-A62V-01A",5.56,58.34,2.44,8.51
"TCGA-A7-A0CE-01A",6.9,28.9,8.21,9.62
"TCGA-B6-A0I9-01A",6.12,45.02,5.33,3.9
"TCGA-A8-A08G-01A",3.47,27.15,3.98,3.3
"TCGA-EW-A6SB-01A",1,33.48,5.96,3.33
"TCGA-A2-A0SY-01A",12.36,16.14,75.99,27.59
"TCGA-AN-A0FS-01A",3.03,32.22,8.26,17.99
"TCGA-C8-A26X-01A",1.11,26.25,1.64,6.21
"TCGA-D8-A1JJ-01A",5.86,32.63,19.02,24.25
"TCGA-A2-A0EV-01A",9.48,17.91,1.68,14.01
"TCGA-AO-A128-01A",0,1040.23,9.76,20.61
"TCGA-BH-A0B5-01A",1.26,12.64,32.68,18.19
"TCGA-C8-A12Y-01A",1.63,39.36,0,2.37
"TCGA-A2-A0EY-01A",11.08,36.73,53.85,126.63
"TCGA-GM-A2DF-01A",0,27.3,8.73,0.47
"TCGA-E2-A1B0-01A",3.72,25.27,4.76,9.09
"TCGA-E9-A1RC-01A",3.28,35.39,0.66,2.72
"TCGA-AN-A04C-01A",5.35,47.74,1.45,9.25
"TCGA-AO-A0JD-01A",4.25,50.08,6.74,6.03
"TCGA-A1-A0SK-01A",4.59,31.44,5.35,1.96
"TCGA-AN-A0FT-01A",6.63,58.18,18.34,15.35
"TCGA-A2-A0ET-01A",6.2,30.96,1.92,6.94
"TCGA-BH-A0B4-01A",3.59,20.4,6.92,8.57
"TCGA-E2-A15A-01A",1.53,26.38,0.61,4.92
"TCGA-A2-A04Q-01A",2.63,15.45,1.77,9.45
"TCGA-C8-A131-01A",11.39,22.29,0,12.64
"TCGA-A8-A06Q-01A",6.96,23.8,91.59,116.35
"TCGA-B6-A0RU-01A",8.27,16.16,0.84,6.61
"TCGA-E2-A14V-01A",9.47,32.7,31.45,8.95
"TCGA-BH-A0BL-01A",5.4,16.18,1.28,3.57
"TCGA-LL-A9Q3-01A",0,29.72,0,11.7
"TCGA-AC-A4ZE-01A",0,34.65,0,9.14
"TCGA-A8-A08S-01A",3.46,33.26,0,8.72
"TCGA-EW-A6SD-01A",2.48,11.43,14.39,12.63
"TCGA-A7-A0CG-01A",0.97,29.24,6.48,13.6
"TCGA-GI-A2C8-01A",2.27,46.27,15.39,4.29
"TCGA-AC-A8OP-01A",20.68,67.6,7.4,15.09
"TCGA-D8-A1JN-01A",21.46,11.27,56.23,85.9
"TCGA-D8-A1JA-01A",15.69,12.98,915.59,0
"TCGA-D8-A1Y3-01A",4.52,40.49,0.27,2.96
"TCGA-OL-A6VQ-01A",4.92,13.9,13.56,17.72
"TCGA-AO-A03O-01A",1.23,58.92,7.07,0
"TCGA-AC-A6IX-01A",0,26.21,8.31,13.77
"TCGA-BH-A0B6-01A",0,0,499.39,353.74
"TCGA-E9-A1R5-01A",4.29,23.44,4.75,3.66
"TCGA-BH-A208-01A",0,12.15,23.73,16.58
"TCGA-A8-A07U-01A",8.19,13.53,24.63,0
"TCGA-E2-A14P-01A",9.44,31.99,7.13,24.72
"TCGA-E9-A22G-01A",2.69,28.06,8.86,1.33
"TCGA-AO-A124-01A",12.06,38.85,0.17,11.95
"TCGA-A8-A09B-01A",5.06,19.75,2.56,8.63
"TCGA-AR-A24S-01A",0,27.41,4.89,7.66
"TCGA-C8-A278-01A",0.73,17.66,7.02,6.79
"TCGA-EW-A1PH-01A",4.5,28.77,6.92,0.54
"TCGA-A8-A07I-01A",4.08,22.84,4.39,1.76
"TCGA-BH-A209-01A",3.86,2.72,64.03,18.45
"TCGA-D8-A1XL-01A",7.59,32.82,7.61,1.32
"TCGA-A7-A6VX-01A",0,30.99,21.73,15.39
"TCGA-C8-A1HK-01A",7.98,20.16,26.52,0
"TCGA-E9-A1R2-01A",1.62,18.75,6.5,2.14
"TCGA-A7-A6VV-01A",2.49,27.93,8.64,0.7
"TCGA-A2-A0YT-01A",17.63,27.27,1.93,7.42
"TCGA-C8-A12W-01A",9.25,42.26,3.16,0.53
"TCGA-PE-A5DC-01A",0,41.09,10.15,9.95
"TCGA-A8-A08B-01A",5.56,8.92,5.05,14.84
"TCGA-BH-A18H-01A",0,20.33,6.56,9.46
"TCGA-A2-A0CR-01A",0,0,67.59,56.16
"TCGA-E2-A10C-01A",13.85,0,202.67,203.26
"TCGA-XX-A89A-01A",11.01,13.64,142.34,6.98
"TCGA-C8-A8HQ-01A",15.25,26.11,121.91,102.15
