"context","trinuc","sub","count"
"A[C>A]A","ACA","C>A",85
"A[C>A]C","ACC","C>A",127
"A[C>A]G","ACG","C>A",45
"A[C>A]T","ACT","C>A",119
"C[C>A]A","CCA","C>A",147
"C[C>A]C","CCC","C>A",159
"C[C>A]G","CCG","C>A",58
"C[C>A]T","CCT","C>A",283
"G[C>A]A","GCA","C>A",129
"G[C>A]C","GCC","C>A",118
"G[C>A]G","GCG","C>A",29
"G[C>A]T","GCT","C>A",145
"T[C>A]A","TCA","C>A",509
"T[C>A]C","TCC","C>A",294
"T[C>A]G","TCG","C>A",85
"T[C>A]T","TCT","C>A",1767
"A[C>G]A","ACA","C>G",94
"A[C>G]C","ACC","C>G",75
"A[C>G]G","ACG","C>G",29
"A[C>G]T","ACT","C>G",70
"C[C>G]A","CCA","C>G",66
"C[C>G]C","CCC","C>G",63
"C[C>G]G","CCG","C>G",41
"C[C>G]T","CCT","C>G",119
"G[C>G]A","GCA","C>G",48
"G[C>G]C","GCC","C>G",68
"G[C>G]G","GCG","C>G",21
"G[C>G]T","GCT","C>G",77
"T[C>G]A","TCA","C>G",993
"T[C>G]C","TCC","C>G",350
"T[C>G]G","TCG","C>G",133
"T[C>G]T","TCT","C>G",1070
"A[C>T]A","ACA","C>T",182
"A[C>T]C","ACC","C>T",140
"A[C>T]G","ACG","C>T",762
"A[C>T]T","ACT","C>T",138
"C[C>T]A","CCA","C>T",198
"C[C>T]C","CCC","C>T",171
"C[C>T]G","CCG","C>T",673
"C[C>T]T","CCT","C>T",216
"G[C>T]A","GCA","C>T",251
"G[C>T]C","GCC","C>T",381
"G[C>T]G","GCG","C>T",838
"G[C>T]T","GCT","C>T",344
"T[C>T]A","TCA","C>T",1672
"T[C>T]C","TCC","C>T",716
"T[C>T]G","TCG","C>T",2799
"T[C>T]T","TCT","C>T",1077
"A[T>A]A","ATA","T>A",31
"A[T>A]C","ATC","T>A",70
"A[T>A]G","ATG","T>A",48
"A[T>A]T","ATT","T>A",50
"C[T>A]A","CTA","T>A",23
"C[T>A]C","CTC","T>A",58
"C[T>A]G","CTG","T>A",53
"C[T>A]T","CTT","T>A",67
"G[T>A]A","GTA","T>A",14
"G[T>A]C","GTC","T>A",44
"G[T>A]G","GTG","T>A",40
"G[T>A]T","GTT","T>A",28
"T[T>A]A","TTA","T>A",15
"T[T>A]C","TTC","T>A",42
"T[T>A]G","TTG","T>A",26
"T[T>A]T","TTT","T>A",36
"A[T>C]A","ATA","T>C",114
"A[T>C]C","ATC","T>C",108
"A[T>C]G","ATG","T>C",173
"A[T>C]T","ATT","T>C",98
"C[T>C]A","CTA","T>C",59
"C[T>C]C","CTC","T>C",86
"C[T>C]G","CTG","T>C",201
"C[T>C]T","CTT","T>C",96
"G[T>C]A","GTA","T>C",167
"G[T>C]C","GTC","T>C",122
"G[T>C]G","GTG","T>C",153
"G[T>C]T","GTT","T>C",139
"T[T>C]A","TTA","T>C",46
"T[T>C]C","TTC","T>C",99
"T[T>C]G","TTG","T>C",67
"T[T>C]T","TTT","T>C",90
"A[T>G]A","ATA","T>G",22
"A[T>G]C","ATC","T>G",40
"A[T>G]G","ATG","T>G",35
"A[T>G]T","ATT","T>G",60
"C[T>G]A","CTA","T>G",16
"C[T>G]C","CTC","T>G",43
"C[T>G]G","CTG","T>G",76
"C[T>G]T","CTT","T>G",109
"G[T>G]A","GTA","T>G",10
"G[T>G]C","GTC","T>G",27
"G[T>G]G","GTG","T>G",41
"G[T>G]T","GTT","T>G",31
"T[T>G]A","TTA","T>G",43
"T[T>G]C","TTC","T>G",50
"T[T>G]G","TTG","T>G",51
"T[T>G]T","TTT","T>G",239
