"context","trinuc","sub","BRCA-A","BRCA-B","BRCA-C","BRCA-D"
"A[C>A]A","ACA","C>A",0.000473,0.001019,0.001332,0.001751
"A[C>A]C","ACC","C>A",0.00175,0.003915,0,0.004087
"A[C>A]G","ACG","C>A",0.000621,0.001313,0,0.002572
"A[C>A]T","ACT","C>A",0.007789,0.002911,0,0.001418
"C[C>A]A","CCA","C>A",0.003478,0.006326,0.002337,0.001478
"C[C>A]C","CCC","C>A",0.000824,0.01885,0.002575,0.001223
"C[C>A]G","CCG","C>A",0.00046,0.007135,0,0.001747
"C[C>A]T","CCT","C>A",0.014119,0.044126,0,0
"G[C>A]A","GCA","C>A",0.001474,0.00223,0.000829,0.002836
"G[C>A]C","GCC","C>A",0.002681,0.003499,0.000763,0.001948
"G[C>A]G","GCG","C>A",0.000134,0.001154,0.000188,0.000594
"G[C>A]T","GCT","C>A",0.007523,0.006483,0.000721,0.000909
"T[C>A]A","TCA","C>A",0.038749,0.00048,0.016636,0.049425
"T[C>A]C","TCC","C>A",0.011832,0.003779,0.007962,0.028909
"T[C>A]G","TCG","C>A",0.003146,0.000616,0.002399,0.009575
"T[C>A]T","TCT","C>A",0.269189,0.005539,0,0.019027
"A[C>G]A","ACA","C>G",0.000319,0.001056,0.004369,0.000488
"A[C>G]C","ACC","C>G",0.000106,0.002116,0.002165,0.000846
"A[C>G]G","ACG","C>G",0,0.000704,0.001271,0
"A[C>G]T","ACT","C>G",1e-04,0.001957,0.002828,0.001322
"C[C>G]A","CCA","C>G",0,0.001135,0.003671,0
"C[C>G]C","CCC","C>G",0,0.000839,0.001226,0.002632
"C[C>G]G","CCG","C>G",0,0.001701,2.8e-05,0.002381
"C[C>G]T","CCT","C>G",0,0.002464,0.004768,0.006602
"G[C>G]A","GCA","C>G",9.8e-05,0.001465,0.0011,0.002054
"G[C>G]C","GCC","C>G",0,0.0057,0,0.002807
"G[C>G]G","GCG","C>G",0,0.000562,0,0.001363
"G[C>G]T","GCT","C>G",0.000118,0.001291,0.00226,0.001471
"T[C>G]A","TCA","C>G",0,0,0.240969,0
"T[C>G]C","TCC","C>G",0.000168,0.000759,0.074309,0
"T[C>G]G","TCG","C>G",0,0.000723,0.023536,0
"T[C>G]T","TCT","C>G",0,0.001468,0.185433,0.081966
"A[C>T]A","ACA","C>T",0.000252,0.017157,0.00346,0.006722
"A[C>T]C","ACC","C>T",0.004801,0.013796,0,0.003141
"A[C>T]G","ACG","C>T",0.01739,0.07982,0.00328,0.014296
"A[C>T]T","ACT","C>T",0.004391,0.010558,0.002541,0.001983
"C[C>T]A","CCA","C>T",0.000255,0.008781,0.009325,0.010801
"C[C>T]C","CCC","C>T",0.001001,0.011685,0.004043,0.003545
"C[C>T]G","CCG","C>T",0.013009,0.062679,0.002388,0.022489
"C[C>T]T","CCT","C>T",0.003978,0.010548,0.005297,0.005781
"G[C>T]A","GCA","C>T",0.001978,0.03545,0.006945,0.00715
"G[C>T]C","GCC","C>T",0.014367,0.057459,0.004755,0.003661
"G[C>T]G","GCG","C>T",0.028414,0.111402,0.006177,0.002218
"G[C>T]T","GCT","C>T",0.01994,0.041806,0.002919,0.002549
"T[C>T]A","TCA","C>T",0,0.001262,0.188468,0.301526
"T[C>T]C","TCC","C>T",0.018207,0.008335,0.040361,0.104696
"T[C>T]G","TCG","C>T",0.347807,0.025835,0.048853,0.073031
"T[C>T]T","TCT","C>T",0.03533,0.001241,0.080619,0.177439
"A[T>A]A","ATA","T>A",0.000691,0.000371,0.000167,0.000143
"A[T>A]C","ATC","T>A",4.4e-05,0.004258,0.001134,0.000667
"A[T>A]G","ATG","T>A",0,0.000422,4.8e-05,0.003618
"A[T>A]T","ATT","T>A",0.001461,0.003988,0.000835,0.000264
"C[T>A]A","CTA","T>A",0,0.001545,0,0.001526
"C[T>A]C","CTC","T>A",0.000194,0.005024,0.000224,0.000697
"C[T>A]G","CTG","T>A",8.2e-05,0.002699,0,0.001078
"C[T>A]T","CTT","T>A",8e-04,0.002042,0,0.001301
"G[T>A]A","GTA","T>A",0,0.000593,6.3e-05,0
"G[T>A]C","GTC","T>A",0.000386,0.003458,9.5e-05,0.002236
"G[T>A]G","GTG","T>A",0,0.000491,0,0.001235
"G[T>A]T","GTT","T>A",0.000463,0.001976,0,0.000417
"T[T>A]A","TTA","T>A",0.000335,0.000613,9.4e-05,0
"T[T>A]C","TTC","T>A",0.000476,0.001265,0,0.000921
"T[T>A]G","TTG","T>A",0.000483,0.000696,0,0.00132
"T[T>A]T","TTT","T>A",0.001395,0.000337,0.000116,0.000163
"A[T>C]A","ATA","T>C",0.001069,0.017171,0,0
"A[T>C]C","ATC","T>C",0.002896,0.014769,0,0
"A[T>C]G","ATG","T>C",0.000575,0.033525,0,4.7e-05
"A[T>C]T","ATT","T>C",0.003849,0.006414,0.000966,0
"C[T>C]A","CTA","T>C",0,0.013605,0,0
"C[T>C]C","CTC","T>C",0.000417,0.014479,1.9e-05,0.001403
"C[T>C]G","CTG","T>C",0,0.05057,0,0
"C[T>C]T","CTT","T>C",0.001915,0.01133,0.000302,0.001862
"G[T>C]A","GTA","T>C",0.006464,0.036113,0,0
"G[T>C]C","GTC","T>C",0.004213,0.01773,0,0
"G[T>C]G","GTG","T>C",0.003365,0.034032,0,0
"G[T>C]T","GTT","T>C",0.004994,0.020984,0,0
"T[T>C]A","TTA","T>C",0.001859,0.008289,0.000283,0
"T[T>C]C","TTC","T>C",0.004068,0.010782,0.00079,0
"T[T>C]G","TTG","T>C",0.002094,0.012161,0,0
"T[T>C]T","TTT","T>C",0.006102,0.006627,0,0.001049
"A[T>G]A","ATA","T>G",0.000514,0.000224,0,0.000422
"A[T>G]C","ATC","T>G",0.002404,0.001757,0.001071,0
"A[T>G]G","ATG","T>G",0.000463,0.001043,0,0.001934
"A[T>G]T","ATT","T>G",0.006289,0.001109,0,0
"C[T>G]A","CTA","T>G",0.001047,0.000162,0,0.000132
"C[T>G]C","CTC","T>G",0.000868,0.005558,0.000111,0.001004
"C[T>G]G","CTG","T>G",0.003136,0.006702,0,9e-05
"C[T>G]T","CTT","T>G",0.008762,0.005499,0,0.001199
"G[T>G]A","GTA","T>G",0,0.000149,0,0.000237
"G[T>G]C","GTC","T>G",0.001179,0.001247,0,0.000712
"G[T>G]G","GTG","T>G",0.000284,0.002118,8e-05,0.000311
"G[T>G]T","GTT","T>G",0.00223,0.001705,0,0
"T[T>G]A","TTA","T>G",0.004736,0.000102,0.000499,0
"T[T>G]C","TTC","T>G",0.004342,0.001515,0,0.000177
"T[T>G]G","TTG","T>G",0.002048,0.001163,0,0.001374
"T[T>G]T","TTT","T>G",0.034736,0.000461,0,0
