"drug","SW480","NCI-H460","PANC-1","HOP62","LoVo","A498","HEC-1-A","Hs 766T","A549","CFPAC-1","MIA PaCa-2","AsPC-1","SHP-77","J82","NCI-H2347","RKO","A-172","KATO III","LOX-IMVI","NCI-H1573","HT-29","C32","SW1417","NCI-H2030","LS 180","NCI-H1792","NCI-H23","hTERT-HPNE","SW 900","HS-578T","Panc 03.27","RPMI-7951","HCT15","SK-MEL-2","C-33 A","SNU-423","COLO 205","A-427","HepG2/C3A","SNU-1","BT-474","H4","SW48","AN3 CA","CHP-212","SW 1271","SW 1088","NCI-H661","NCI-H2122","NCI-H596"
"DMSO_TF",147988,131593,97098,78130,74255,65432,60152,60761,62836,53365,57678,56628,54459,57781,51980,59271,57421,54483,54047,52500,52506,51984,46281,47619,44404,44125,45150,41096,40061,40995,38855,39343,38521,37501,37735,37646,34320,36517,31538,32550,32310,25187,24267,15446,12431,5423,3552,3532,817,586
"Adagrasib",97814,88031,64667,49612,47297,42423,38596,42742,39766,36928,38355,35055,39112,35451,33895,36595,35120,35104,35185,34181,34268,30828,30190,27255,28646,25809,24947,25093,27257,26663,26212,25682,25462,24723,24432,23215,23199,23480,18845,21984,19936,16787,15711,9679,8987,3232,2361,2333,524,409
"Afatinib",49175,44320,30949,23992,24373,18978,20445,21628,18924,19256,19684,17236,20214,16560,17572,17647,16301,17702,16747,15306,15692,14843,14892,13423,14626,13511,12612,12673,13042,13235,12686,12512,13134,11754,11141,10260,10230,10532,8816,10723,8230,8324,7521,4419,4469,1694,1171,1063,286,238
"Almonertinib (mesylate)",40558,41329,29827,21819,17662,19358,14180,24563,15293,16344,20850,11814,18819,13943,13435,13229,11692,13188,14254,12585,12779,11293,11565,8563,11362,12787,10682,9474,11963,12509,11133,10637,11227,10698,8896,8794,9367,8209,5425,9836,6625,7907,5708,2767,4442,1183,594,865,208,170
"Binimetinib",34180,38009,27403,22956,15052,18795,14799,20558,16046,13633,15650,13032,14737,14390,13373,12983,13505,13895,13145,12087,12344,10940,11543,11782,11861,7993,8844,10914,11616,12501,9547,10020,9143,6353,7922,10058,6386,6537,5713,7021,6935,7852,4710,3238,1443,1212,965,755,209,155
"Fumaric acid",36048,35181,27930,20206,16035,17651,12739,21809,14525,15905,19392,10662,17973,13148,12561,12442,11117,12174,14201,11779,11859,10297,10346,7653,10320,12148,9744,8353,10835,11055,10553,9857,10354,10512,8987,7847,7969,8609,5097,9674,6454,7177,5057,2753,4162,1120,457,918,209,163
"Cytarabine",37661,34420,26892,19150,16446,16032,14083,21683,13213,15489,18595,11352,19559,12138,12188,12205,11186,12310,12769,12302,11953,10822,11150,7235,10520,11016,9180,8155,10352,10671,10290,9748,11014,10612,9795,7185,8954,8413,5075,9700,6536,6226,5757,3047,3593,1201,518,893,183,148
"Pravastatin (sodium)",38131,34629,28928,19047,16009,17372,12926,21883,13784,15440,19345,10597,17293,12498,12510,12316,11482,12836,13344,11473,11924,9885,10754,7926,10357,12077,9761,7425,10822,11288,10422,9197,9925,10290,8419,7814,8394,8566,4954,9253,6348,6919,5276,2623,3958,1112,522,983,215,214
"Belumosudil",38295,33852,25252,18465,15003,16821,13012,22153,13210,16085,17289,10749,17370,12327,12363,11312,11140,12432,13338,10704,12008,10096,11209,6721,9964,11444,8766,8205,10179,10473,10498,9292,10236,9318,8341,7270,8281,8440,5152,8534,6245,6216,5637,2948,4347,997,503,890,207,185
"Berbamine (dihydrochloride)",33961,32501,26026,18738,14466,16818,11214,21344,13093,14009,19057,9898,19079,13294,11355,12174,10026,11157,13352,10325,10302,9403,9661,6993,9252,11187,9464,7578,9654,10409,9533,9420,9723,10051,9195,7662,7400,8778,5228,10027,6726,6875,4616,3174,3692,1009,405,840,178,163
"Flumatinib (mesylate)",34979,33528,26179,18769,15829,16444,12692,20637,14061,15206,18212,10150,17106,12592,12226,11417,10042,11541,12788,10779,10883,9250,10009,6753,9429,11276,9714,7541,10124,10228,9949,9308,9669,9246,8219,7658,7760,8128,4540,8552,5897,6650,4531,2683,3782,1087,354,828,185,163
"Daidzin",32658,32711,24616,17220,14196,15445,11411,19292,12601,13792,17666,9611,17868,11955,10868,11118,9654,10834,12871,10014,10576,9356,9382,6800,8986,10521,8689,7852,9666,10051,9011,8978,9423,9341,8721,7186,7423,7972,5156,9361,5784,6653,4722,3195,3787,957,475,793,191,193
"Naproxen",33278,30415,25394,17843,14614,14967,11430,20359,12425,14584,18900,9717,16346,11599,11871,11292,9505,11364,12229,10526,10629,8914,9677,6335,9131,10704,8842,6703,9161,9598,9569,8556,9006,9139,7950,7001,7204,7958,4187,8627,6062,6043,4565,2538,3673,1039,380,821,184,182
"Trametinib",32273,31722,24329,20345,14014,15757,15566,15407,13056,13196,12295,12602,12376,13691,13416,11612,13147,12737,11552,11502,11015,10542,11397,11853,10406,6161,7243,10178,9404,10554,8523,8835,8518,5062,7622,8539,5370,5804,5079,5661,6656,5668,4642,2608,1385,1300,960,718,169,146
"Irinotecan (hydrochloride)",32822,31088,25331,16931,14252,16197,11340,19591,12666,14344,17283,9824,16509,11650,11668,10745,9498,11254,10835,10783,10622,8513,9770,6762,9598,10223,7973,6617,9610,10101,9836,8294,8859,8504,7912,7046,7456,5753,4172,6770,5776,5467,4603,1995,2949,1034,531,814,212,195
"Regorafenib",31698,28345,20404,15968,17367,13227,14353,13327,13187,13020,11799,12609,12664,10877,12099,11636,11458,12257,11126,11082,11166,10421,10266,10028,10094,9882,8691,9044,8919,8647,9191,8868,8922,8223,8406,7021,7574,7156,6493,6943,6502,5301,5305,2920,3156,1085,808,778,196,132
"Topotecan (hydrochloride)",33851,28381,22331,15702,13757,12506,11250,18067,12026,12758,15232,9796,17940,10268,10195,9986,9206,10788,10205,10111,10377,8576,9396,5614,8637,9584,7639,5982,8416,8657,8637,7986,9330,8914,8155,5926,7414,6854,4394,8026,6059,4586,4796,2780,3446,969,363,829,154,120
"Methylthiouracil",28812,32889,22561,17541,11036,15359,9686,18995,11337,9740,15155,8106,14509,10862,8323,9917,8472,9079,10344,8463,8984,9131,8132,6819,8357,8846,7861,7566,9155,9919,7224,7886,7534,7296,6323,7225,6192,5362,4243,7314,4853,6479,3977,2053,2607,928,576,608,100,117
"Berbamine",27757,23433,16983,15496,15551,12655,12929,8105,12751,9960,8332,12812,9313,12152,10086,11445,12563,10721,10264,10979,10402,9783,9412,10588,8528,7975,8927,8199,7619,7254,7272,7018,6778,7504,7209,8103,7147,6784,8162,5692,7450,4432,4795,3646,2057,1028,741,604,172,96
"Clonidine (hydrochloride)",26609,23447,14887,14638,15677,12379,12412,5473,12601,8314,5661,13398,6161,11847,9121,11095,13054,10159,9714,10923,10303,10998,8979,11017,7860,7519,8934,9493,7468,6910,6576,7429,7017,7136,6662,8155,6279,6967,8670,4102,7045,4184,5073,3617,2100,1209,923,544,131,57
"Chlorhexidine (diacetate)",26459,22590,14871,14479,15509,11342,13611,7524,12270,9569,7393,12155,8474,10908,10579,10835,11925,10085,9631,10427,9929,9730,9260,10564,8409,7764,8355,8304,7171,6885,7406,7047,7322,7144,6989,7388,6338,6256,7794,4558,6565,4176,4726,3033,2103,1139,887,548,172,107
"Uridine",27595,30021,20538,15678,10676,13171,8888,17798,10372,9069,14484,7915,12965,9753,8013,9194,7801,8285,9421,8411,8784,8807,7523,5903,8444,8271,6985,6979,8300,8564,6767,7665,7460,6614,6146,6120,6387,4979,3570,6929,4437,5648,3730,1994,2951,818,476,529,76,65
"Gemcitabine",24305,22673,12489,12394,17068,8771,15700,5179,10586,9369,4491,12815,4515,7622,11028,8719,10730,11314,7662,10206,10979,9122,9623,12120,10278,6914,7458,9086,7149,6198,7350,7037,6076,4932,5817,6404,7255,4625,6734,3168,5825,3660,5037,2162,1580,1054,1269,446,181,156
"Perindopril (erbumine)",26673,28383,19068,14172,10173,12388,9017,16857,9638,8631,12633,7724,12709,8407,7109,8991,7447,8351,8764,7740,8063,7887,7376,5654,7381,7416,6507,6847,7649,7951,6412,7019,7113,6374,5982,5588,5925,4772,3682,6841,4022,5405,3728,1945,2380,780,460,459,79,69
"Quinestrol",22969,21119,13122,13411,14646,10632,12880,4822,11731,8692,4827,11743,5419,10203,9007,9893,11528,9298,8725,9984,8759,9066,8203,10399,7331,6814,8334,8359,6647,6382,6331,6491,5963,6058,6278,7454,6027,6000,8242,3377,6054,3518,4278,3042,1744,1087,815,492,162,98
"Gefitinib",22719,28827,18899,15063,10105,13394,7865,16584,9899,8357,13263,7054,12552,9740,7557,8346,7014,7618,8548,6670,7582,8080,6620,5866,7198,7782,6164,6501,7294,8199,6263,7034,6409,6172,4858,5936,5171,4310,3539,5802,3761,5086,3166,2005,2404,720,405,435,63,87
"Artesunate",23005,20053,12989,13097,13331,10460,11265,4881,11680,7669,5171,11819,5357,10302,8187,10019,11704,8936,8831,8967,8945,9721,8036,9871,6665,6775,8671,8180,6742,6059,5767,6381,5973,5804,6241,7438,5627,6771,8801,3642,6002,3671,4290,3324,1545,1012,774,555,111,80
"Dapagliflozin",25566,26858,17968,13036,9791,11256,8502,15996,8995,8516,12733,7450,12247,8198,7156,8436,6842,7724,8375,8137,7673,7568,7006,5076,7187,7480,6484,6330,7051,7321,6168,6705,6797,5918,5855,5349,5721,4715,3540,6560,4233,4888,3441,1976,2676,704,353,477,74,52
"Everolimus",22282,20961,12096,12570,15688,9331,13733,4618,10395,8818,4607,11896,4235,8279,10126,8797,10942,10156,7884,9288,10187,8900,8864,11821,8981,6653,7422,8342,6768,6108,6957,6270,5444,4984,5483,6586,6049,5280,6653,3260,5224,3475,4736,2494,2041,975,1078,591,279,244
"Goserelin (acetate)",21380,19347,12726,12731,13245,10360,10802,4599,10920,7594,5241,11479,5399,10602,8431,9576,11416,8278,8417,8632,8190,9168,7421,9361,6422,6363,8079,8071,5966,5972,5601,6183,5971,5929,6010,6899,5377,6308,6955,3390,5563,3308,3734,3061,1646,959,783,523,126,77
"Tolcapone",20906,19015,12808,12971,13426,10160,11735,4916,10741,7953,5003,11084,4463,9522,9102,8571,10957,9179,8287,9306,8725,8787,7755,10284,7530,6463,7282,7603,6388,5988,6159,6321,5185,5546,5227,6746,5757,5381,6190,2903,5503,3322,3873,2368,1337,951,901,437,183,97
"Ataluren",22293,25376,17986,13795,9197,11811,8111,15500,8788,8245,12178,6250,10560,8363,6895,7670,6596,7083,7916,7218,6884,6820,6192,5154,6596,7154,6143,5566,6923,7580,5864,6248,5784,5698,5165,5545,4731,4252,3124,5602,3633,4794,3075,1658,2306,738,338,488,102,91
"Hexylresorcinol",20342,18413,11972,12543,13762,9888,11427,3936,10272,7913,5015,10851,5045,10099,7997,9340,11091,8059,8148,7937,8524,8258,7171,9119,6394,6165,7554,7968,6118,5690,6113,5864,5876,5915,5956,7037,5095,5979,6763,3385,5492,3210,3862,3270,1485,838,716,600,203,141
"Allopurinol",23075,25758,17408,13299,9166,11391,8227,14712,8796,8058,11431,6606,10381,7820,6734,7288,6831,7054,7879,7353,7335,7100,6288,5029,6228,6741,6071,6206,7056,7392,5751,6216,5948,5641,5090,5327,5295,4166,3215,5675,3549,4695,3338,1603,2351,690,391,487,83,78
"Berberine (chloride hydrate)",20824,19031,11696,11945,13092,9722,11268,4423,10369,7427,4759,10808,5371,10012,8074,9301,10582,8389,7818,8343,8107,8423,7232,9369,6350,6244,7617,7276,5886,5658,5737,5767,5452,5827,5657,6641,5529,6093,7290,3609,5706,3281,4169,3226,1591,858,717,504,153,112
"Esmolol (hydrochloride)",22415,24930,17289,13186,9044,11489,7670,14655,8913,7859,11125,6296,11811,8385,6706,7621,6448,6972,8444,6814,6841,6683,6081,5023,6295,6816,6147,6312,6593,7338,5548,6128,5968,5329,5125,5528,4653,4238,3461,6039,3568,4836,3067,1854,2264,671,308,386,94,65
"Entecavir (monohydrate)",21290,25461,17319,12507,9107,11752,7706,14255,8636,8443,10728,6077,10487,8021,6936,7448,6623,7388,8230,6377,6880,6240,5945,5304,6560,7119,6418,5343,6780,7467,6029,5941,5779,5736,4739,5440,4834,4790,3300,5609,3673,4961,2936,1648,2341,642,347,524,101,95
"Cloxacillin (sodium)",20566,18406,11705,12116,12950,9548,10312,4564,10656,7452,5023,11081,5108,10278,8304,9536,10470,8122,8194,7972,7649,8245,6960,8527,6169,6136,7656,7272,5755,5656,5524,6180,5622,5495,5878,6608,5136,6216,6314,3345,5521,3059,3692,3043,1675,980,613,468,132,76
"Relugolix",20440,17660,11885,11667,12957,9248,10111,4505,10245,7439,4783,11016,5350,10182,7919,9478,10538,8053,7891,8596,7494,8758,6980,8655,6176,6067,7423,7733,5675,5516,5394,5742,5738,5854,5746,6397,5357,6353,6792,3405,5935,3061,3634,3244,1700,934,600,494,121,58
"Omeprazole",21720,24760,16175,12659,8504,11096,6701,14702,8688,7414,10891,6101,12455,8081,6264,7777,6194,6523,8466,5836,6676,6671,5805,5196,6211,6450,5927,6251,6394,7057,5233,6296,5898,5404,5322,5241,4661,4203,3930,6580,3752,5014,2862,2132,2304,651,344,467,84,62
